time,2022-04-06_13-48-20_701465,id,385087970139149,href,https://www.facebook.com/marketplace/item/385087970139149/?ref=category_feed&referral_code=undefined&referral_story_type=listing&tracking=%7B%22qid%22%3A%22-6568782833465079433%22%2C%22mf_story_key%22%3A%225136039863125479%22%2C%22commerce_rank_obj%22%3A%22%7B%5C%22target_id%5C%22%3A5136039863125479%2C%5C%22target_type%5C%22%3A0%2C%5C%22primary_position%5C%22%3A0%2C%5C%22ranking_signature%5C%22%3A2008839543884611584%2C%5C%22commerce_channel%5C%22%3A504%2C%5C%22value%5C%22%3A0.00089236372174408%7D%22%7D,title,-,price,-,description,"Big 2 Bedroom, 2 Bathroom for rent in Bophut, Pool access and underground car parking (long-term price is negotiable) ",geolocation,9.5553588867188,100.03601074219
time,2022-04-06_13-48-28_319337,id,634463200940206,href,https://www.facebook.com/marketplace/item/634463200940206/?ref=category_feed&referral_code=undefined&referral_story_type=listing&tracking=%7B%22qid%22%3A%22-6568782833465079433%22%2C%22mf_story_key%22%3A%224859434677433668%22%2C%22commerce_rank_obj%22%3A%22%7B%5C%22target_id%5C%22%3A4859434677433668%2C%5C%22target_type%5C%22%3A0%2C%5C%22primary_position%5C%22%3A1%2C%5C%22ranking_signature%5C%22%3A2008839543884611584%2C%5C%22commerce_channel%5C%22%3A504%2C%5C%22value%5C%22%3A0.00088936571271422%7D%22%7D,title,1 à¸«à¹‰à¸­à¸‡à¸™à¸­à¸™ 1 à¸«à¹‰à¸­à¸‡à¸™à¹‰à¸³ - à¸šà¹‰à¸²à¸™,price,25 000 à¸¿/Ğ¼ĞµÑÑÑ†,description,"ğŸŒ… Monthly 25,000 THB
Price includes: 
- Electricity and water
- Internet access WiFi
- Weekly clea... Ğ•Ñ‰Ñ‘",geolocation,9.5701134,100.064822
time,2022-04-06_13-48-34_448140,id,826219182110034,href,https://www.facebook.com/marketplace/item/826219182110034/?ref=category_feed&referral_code=undefined&referral_story_type=listing&tracking=%7B%22qid%22%3A%22-6568782833465079433%22%2C%22mf_story_key%22%3A%224860912814001357%22%2C%22commerce_rank_obj%22%3A%22%7B%5C%22target_id%5C%22%3A4860912814001357%2C%5C%22target_type%5C%22%3A0%2C%5C%22primary_position%5C%22%3A2%2C%5C%22ranking_signature%5C%22%3A2008839543884611584%2C%5C%22commerce_channel%5C%22%3A504%2C%5C%22value%5C%22%3A0.00075113229523206%7D%22%7D,title,Ğ”Ğ¾Ğ¼ Ñ Ğ¡Ğ¿Ğ°Ğ»ĞµĞ½: 1 Ğ¸ Ğ¡Ğ°Ğ½ÑƒĞ·Ğ»Ğ¾Ğ²: 1,price,10 000 à¸¿/Ğ¼ĞµÑÑÑ†,description,"ğŸ’šNew modern house for rentğŸ’š
1 bedroom houses are available for long term rentals over 1 month.
The... Ğ•Ñ‰Ñ‘",geolocation,9.5240461537966,100.04711638454
time,2022-04-06_13-48-50_260936,id,421579216232875,href,https://www.facebook.com/marketplace/item/421579216232875/?ref=category_feed&referral_code=undefined&referral_story_type=listing&tracking=%7B%22qid%22%3A%22-6568782833465079433%22%2C%22mf_story_key%22%3A%226362224477185922%22%2C%22commerce_rank_obj%22%3A%22%7B%5C%22target_id%5C%22%3A6362224477185922%2C%5C%22target_type%5C%22%3A0%2C%5C%22primary_position%5C%22%3A3%2C%5C%22ranking_signature%5C%22%3A2008839543884611584%2C%5C%22commerce_channel%5C%22%3A504%2C%5C%22value%5C%22%3A0.00075113129523206%7D%22%7D,title,3 Beds 2 Baths - House,price,20 000 à¸¿/Ğ¼ĞµÑÑÑ†,description,"3 Bedrooms House â€œ Brand new â€œğŸ‰

Quiet in the green valleyğŸŒ´ğŸŒ´ğŸŒ´

Maenam, Samui ThailandğŸŒ´

ğŸˆAvail... Ğ•Ñ‰Ñ‘",geolocation,9.5536607432943,99.989228211424
time,2022-04-06_13-49-02_739836,id,1269275943899301,href,https://www.facebook.com/marketplace/item/1269275943899301/?ref=category_feed&referral_code=undefined&referral_story_type=listing&tracking=%7B%22qid%22%3A%22-6568782833465079433%22%2C%22mf_story_key%22%3A%224938325422915962%22%2C%22commerce_rank_obj%22%3A%22%7B%5C%22target_id%5C%22%3A4938325422915962%2C%5C%22target_type%5C%22%3A0%2C%5C%22primary_position%5C%22%3A4%2C%5C%22ranking_signature%5C%22%3A2008839543884611584%2C%5C%22commerce_channel%5C%22%3A504%2C%5C%22value%5C%22%3A0.00075113029523206%7D%22%7D,title,2 Beds 2 Baths House,price,22 000 à¸¿/Ğ¼ĞµÑÑÑ†,description,"2-Bedroom Duplex Villas Set Around Large Freeform Pool Just 1km To Fishermanâ€™s Village In Bophut, Ko... Ğ•Ñ‰Ñ‘",geolocation,9.5546005591247,100.04752228317
time,2022-04-06_13-49-07_631069,id,1143847216365656,href,https://www.facebook.com/marketplace/item/1143847216365656/?ref=category_feed&referral_code=undefined&referral_story_type=listing&tracking=%7B%22qid%22%3A%22-6568782833465079433%22%2C%22mf_story_key%22%3A%224965764126850439%22%2C%22commerce_rank_obj%22%3A%22%7B%5C%22target_id%5C%22%3A4965764126850439%2C%5C%22target_type%5C%22%3A0%2C%5C%22primary_position%5C%22%3A5%2C%5C%22ranking_signature%5C%22%3A2008839543884611584%2C%5C%22commerce_channel%5C%22%3A504%2C%5C%22value%5C%22%3A0.00075112929523206%7D%22%7D,title,Maison de 3 chambres et 2 salles de bain,price,30 000 à¸¿/Ğ¼ĞµÑÑÑ†,description,"   ğŸ–House 3 bedroom for rent ğŸ–

          ğŸ§30.000thb month ğŸ§
     
      ğŸŒShortcut bophut bang... Ğ•Ñ‰Ñ‘",geolocation,9.542839159378,100.04677126184
time,2022-04-06_13-49-14_347051,id,2964290497169484,href,https://www.facebook.com/marketplace/item/2964290497169484/?ref=category_feed&referral_code=undefined&referral_story_type=listing&tracking=%7B%22qid%22%3A%22-6568782833465079433%22%2C%22mf_story_key%22%3A%223702075743228367%22%2C%22commerce_rank_obj%22%3A%22%7B%5C%22target_id%5C%22%3A3702075743228367%2C%5C%22target_type%5C%22%3A0%2C%5C%22primary_position%5C%22%3A6%2C%5C%22ranking_signature%5C%22%3A2008839543884611584%2C%5C%22commerce_channel%5C%22%3A504%2C%5C%22value%5C%22%3A0.00075112829523206%7D%22%7D,title,Ğ”Ğ¾Ğ¼ Ñ Ğ¡Ğ¿Ğ°Ğ»ĞµĞ½: 1 Ğ¸ Ğ¡Ğ°Ğ½ÑƒĞ·Ğ»Ğ¾Ğ²: 1,price,7 500 à¸¿/Ğ¼ĞµÑÑÑ†,description,"One bedroom house in Resort on BoPut near shopping centers in a quiet location
Very convenient locat... Ğ•Ñ‰Ñ‘",geolocation,9.5223104291279,100.0484216581
time,2022-04-06_13-49-28_714544,id,512390013629080,href,https://www.facebook.com/marketplace/item/512390013629080/?ref=category_feed&referral_code=undefined&referral_story_type=listing&tracking=%7B%22qid%22%3A%22-6568782833465079433%22%2C%22mf_story_key%22%3A%225380088522019269%22%2C%22commerce_rank_obj%22%3A%22%7B%5C%22target_id%5C%22%3A5380088522019269%2C%5C%22target_type%5C%22%3A0%2C%5C%22primary_position%5C%22%3A7%2C%5C%22ranking_signature%5C%22%3A2008839543884611584%2C%5C%22commerce_channel%5C%22%3A504%2C%5C%22value%5C%22%3A0.00075112729523206%7D%22%7D,title,Ğ”Ğ¾Ğ¼ Ñ Ğ¡Ğ¿Ğ°Ğ»ĞµĞ½: 3 Ğ¸ Ğ’Ğ°Ğ½Ğ½Ñ‹Ğµ: 3,price,26 000 à¸¿/Ğ¼ĞµÑÑÑ†,description,Available for rent 3 bedroom villa with private pool and fenced area. Villa located in Maenam just 9... Ğ•Ñ‰Ñ‘,geolocation,9.5399177249637,100.07092237473
time,2022-04-06_13-49-34_934156,id,676869323512182,href,https://www.facebook.com/marketplace/item/676869323512182/?ref=category_feed&referral_code=undefined&referral_story_type=listing&tracking=%7B%22qid%22%3A%22-6568782833465079433%22%2C%22mf_story_key%22%3A%224454723924629733%22%2C%22commerce_rank_obj%22%3A%22%7B%5C%22target_id%5C%22%3A4454723924629733%2C%5C%22target_type%5C%22%3A0%2C%5C%22primary_position%5C%22%3A8%2C%5C%22ranking_signature%5C%22%3A2008839543884611584%2C%5C%22commerce_channel%5C%22%3A504%2C%5C%22value%5C%22%3A0.00075112629523206%7D%22%7D,title,4 beds 4 baths House,price,70 000 à¸¿/Ğ¼ĞµÑÑÑ†,description,"4 Bedroom infinity pool villa â£ï¸
Located in Bo-phut 
Available from April 19th

4 bedroom
4 Bathroom... Ğ•Ñ‰Ñ‘",geolocation,9.54515,100.05635
time,2022-04-06_13-49-43_637707,id,313009874199259,href,https://www.facebook.com/marketplace/item/313009874199259/?ref=category_feed&referral_code=undefined&referral_story_type=listing&tracking=%7B%22qid%22%3A%22-6568782833465079433%22%2C%22mf_story_key%22%3A%227035714939835569%22%2C%22commerce_rank_obj%22%3A%22%7B%5C%22target_id%5C%22%3A7035714939835569%2C%5C%22target_type%5C%22%3A0%2C%5C%22primary_position%5C%22%3A9%2C%5C%22ranking_signature%5C%22%3A2008839543884611584%2C%5C%22commerce_channel%5C%22%3A504%2C%5C%22value%5C%22%3A0.00074768410734226%7D%22%7D,title,3 beds 3 baths House,price,45 000 à¸¿/Ğ¼ĞµÑÑÑ†,description,"Available on April
3 Bedroom 3 bathroom with private pool villa
Modern stylish available for long te... Ğ•Ñ‰Ñ‘",geolocation,9.543373003482,100.04448050059
time,2022-04-06_13-49-53_764927,id,4813296288787454,href,https://www.facebook.com/marketplace/item/4813296288787454/?ref=category_feed&referral_code=undefined&referral_story_type=listing&tracking=%7B%22qid%22%3A%22-6568782833465079433%22%2C%22mf_story_key%22%3A%225315995585096962%22%2C%22commerce_rank_obj%22%3A%22%7B%5C%22target_id%5C%22%3A5315995585096962%2C%5C%22target_type%5C%22%3A0%2C%5C%22primary_position%5C%22%3A10%2C%5C%22ranking_signature%5C%22%3A2008839543884611584%2C%5C%22commerce_channel%5C%22%3A504%2C%5C%22value%5C%22%3A0.00074700380417507%7D%22%7D,title,Ğ”Ğ¾Ğ¼ Ñ Ğ¡Ğ¿Ğ°Ğ»ĞµĞ½: 3 Ğ¸ Ğ¡Ğ°Ğ½ÑƒĞ·Ğ»Ğ¾Ğ²: 2,price,50 000 à¸¿/Ğ¼ĞµÑÑÑ†,description,"Nice pool villa at Bangrak
AVAILABLE AFTER 1st of May
For 1-3 months rental 
1 km to Bangrak beach
3... Ğ•Ñ‰Ñ‘",geolocation,9.55204,100.04795
time,2022-04-06_13-50-00_114197,id,638853767346667,href,https://www.facebook.com/marketplace/item/638853767346667/?ref=category_feed&referral_code=undefined&referral_story_type=listing&tracking=%7B%22qid%22%3A%22-6568782833465079433%22%2C%22mf_story_key%22%3A%225049828365073155%22%2C%22commerce_rank_obj%22%3A%22%7B%5C%22target_id%5C%22%3A5049828365073155%2C%5C%22target_type%5C%22%3A0%2C%5C%22primary_position%5C%22%3A11%2C%5C%22ranking_signature%5C%22%3A2008839543884611584%2C%5C%22commerce_channel%5C%22%3A504%2C%5C%22value%5C%22%3A0.00073286493245533%7D%22%7D,title,3 Beds 3 Baths - House,price,60 000 à¸¿/Ğ¼ĞµÑÑÑ†,description,"3 Bedrooms Beachfront Pool Villa

Plai Laem, Samui ThailandğŸŒ´

ğŸˆAvailable on April 2, 2022

Thai ho... Ğ•Ñ‰Ñ‘",geolocation,9.57365,100.06631
time,2022-04-06_13-50-07_685704,id,520434423045073,href,https://www.facebook.com/marketplace/item/520434423045073/?ref=category_feed&referral_code=undefined&referral_story_type=listing&tracking=%7B%22qid%22%3A%22-6568782833465079433%22%2C%22mf_story_key%22%3A%225116099181822456%22%2C%22commerce_rank_obj%22%3A%22%7B%5C%22target_id%5C%22%3A5116099181822456%2C%5C%22target_type%5C%22%3A0%2C%5C%22primary_position%5C%22%3A12%2C%5C%22ranking_signature%5C%22%3A2008839543884611584%2C%5C%22commerce_channel%5C%22%3A504%2C%5C%22value%5C%22%3A0.00071532922823717%7D%22%7D,title,3 Beds 3 Baths - House,price,90 000 à¸¿/Ğ¼ĞµÑÑÑ†,description,"3 Bedrooms 3 Bathrooms Seaview Pool villa 
Bohphut Hill

90,000THB / month
Facilities:
3 Bedrooms
3 ... Ğ•Ñ‰Ñ‘",geolocation,9.5475889916978,100.02686241462
time,2022-04-06_13-50-16_349289,id,2771918203112729,href,https://www.facebook.com/marketplace/item/2771918203112729/?ref=category_feed&referral_code=undefined&referral_story_type=listing&tracking=%7B%22qid%22%3A%22-6568782833465079433%22%2C%22mf_story_key%22%3A%227053006408105179%22%2C%22commerce_rank_obj%22%3A%22%7B%5C%22target_id%5C%22%3A7053006408105179%2C%5C%22target_type%5C%22%3A0%2C%5C%22primary_position%5C%22%3A13%2C%5C%22ranking_signature%5C%22%3A2008839543884611584%2C%5C%22commerce_channel%5C%22%3A504%2C%5C%22value%5C%22%3A0.00068821514860119%7D%22%7D,title,1 bed 2 baths House,price,25 000 à¸¿/Ğ¼ĞµÑÑÑ†,description,"Available from April 17th
1 Bedroom Pool Villa
Beautifully designed in contemporary Thai style villa... Ğ•Ñ‰Ñ‘",geolocation,9.5339221883156,100.06268262863
time,2022-04-06_13-50-24_022261,id,1985639284941211,href,https://www.facebook.com/marketplace/item/1985639284941211/?ref=category_feed&referral_code=undefined&referral_story_type=listing&tracking=%7B%22qid%22%3A%22-6568782833465079433%22%2C%22mf_story_key%22%3A%225371336362899686%22%2C%22commerce_rank_obj%22%3A%22%7B%5C%22target_id%5C%22%3A5371336362899686%2C%5C%22target_type%5C%22%3A0%2C%5C%22primary_position%5C%22%3A14%2C%5C%22ranking_signature%5C%22%3A2008839543884611584%2C%5C%22commerce_channel%5C%22%3A504%2C%5C%22value%5C%22%3A0.00062092466618964%7D%22%7D,title,1 à¸«à¹‰à¸­à¸‡à¸™à¸­à¸™ 1 à¸«à¹‰à¸­à¸‡à¸™à¹‰à¸³ - à¸­à¸à¸²à¸£à¹Œà¸—à¹€à¸¡à¸™à¸—à¹Œ,price,12 500 à¸¿/Ğ¼ĞµÑÑÑ†,description,"For Rent â¤ï¸
ğŸ’™ 1 bedroom,1 bathroom apartment
ğŸ’™ 40 sqm ,
ğŸ’™ kitchen and cooking equipment.
ğŸ’™ Air-c... Ğ•Ñ‰Ñ‘",geolocation,9.53276,100.06467
time,2022-04-06_13-50-30_696094,id,201233162210043,href,https://www.facebook.com/marketplace/item/201233162210043/?ref=category_feed&referral_code=undefined&referral_story_type=listing&tracking=%7B%22qid%22%3A%22-6568782833465079433%22%2C%22mf_story_key%22%3A%224767428943303992%22%2C%22commerce_rank_obj%22%3A%22%7B%5C%22target_id%5C%22%3A4767428943303992%2C%5C%22target_type%5C%22%3A0%2C%5C%22primary_position%5C%22%3A15%2C%5C%22ranking_signature%5C%22%3A2008839543884611584%2C%5C%22commerce_channel%5C%22%3A504%2C%5C%22value%5C%22%3A0.00060084466176236%7D%22%7D,title,1 Bed 1 Bath - House,price,8 500 à¸¿/Ğ¼ĞµÑÑÑ†,description,"Rent a house with 1 bedroom in Bophut near the lake.

ğŸ’¥ DON'T MISS THIS DEAL !!!!!!!
ğŸ”¥ Contract fo... Ğ•Ñ‰Ñ‘",geolocation,9.5620448726232,100.02445313148
time,2022-04-06_13-50-40_000982,id,386919802972946,href,https://www.facebook.com/marketplace/item/386919802972946/?ref=category_feed&referral_code=undefined&referral_story_type=listing&tracking=%7B%22qid%22%3A%22-6568782833465079433%22%2C%22mf_story_key%22%3A%224825140297599810%22%2C%22commerce_rank_obj%22%3A%22%7B%5C%22target_id%5C%22%3A4825140297599810%2C%5C%22target_type%5C%22%3A0%2C%5C%22primary_position%5C%22%3A16%2C%5C%22ranking_signature%5C%22%3A2008839543884611584%2C%5C%22commerce_channel%5C%22%3A504%2C%5C%22value%5C%22%3A0.00059795668289486%7D%22%7D,title,3 beds 3 baths House,price,80 000 à¸¿/Ğ¼ĞµÑÑÑ†,description,"Chaweng Noi Excellent Sea View Modern Design Villa

3 bedroom two storey
3 bathrooms and 1 guest toi... Ğ•Ñ‰Ñ‘",geolocation,9.5077127368871,100.0533363634
time,2022-04-06_13-50-49_572682,id,4845577098896928,href,https://www.facebook.com/marketplace/item/4845577098896928/?ref=category_feed&referral_code=undefined&referral_story_type=listing&tracking=%7B%22qid%22%3A%22-6568782833465079433%22%2C%22mf_story_key%22%3A%225072107582880180%22%2C%22commerce_rank_obj%22%3A%22%7B%5C%22target_id%5C%22%3A5072107582880180%2C%5C%22target_type%5C%22%3A0%2C%5C%22primary_position%5C%22%3A17%2C%5C%22ranking_signature%5C%22%3A2008839543884611584%2C%5C%22commerce_channel%5C%22%3A504%2C%5C%22value%5C%22%3A0.00057557836521243%7D%22%7D,title,2 beds sea view villa in Chaweng. Only for long term contract 6-12 month.,price,60 000 à¸¿/Ğ¼ĞµÑÑÑ†,description,"2 beds sea view  villa  in Chaweng.
Only for long term contract 6-12 month.
Available from 14th of A... Ğ•Ñ‰Ñ‘",geolocation,9.53814,100.04017
time,2022-04-06_13-50-56_890275,id,1382287962234391,href,https://www.facebook.com/marketplace/item/1382287962234391/?ref=category_feed&referral_code=undefined&referral_story_type=listing&tracking=%7B%22qid%22%3A%22-6568782833465079433%22%2C%22mf_story_key%22%3A%225365303190155807%22%2C%22commerce_rank_obj%22%3A%22%7B%5C%22target_id%5C%22%3A5365303190155807%2C%5C%22target_type%5C%22%3A0%2C%5C%22primary_position%5C%22%3A18%2C%5C%22ranking_signature%5C%22%3A2008839543884611584%2C%5C%22commerce_channel%5C%22%3A504%2C%5C%22value%5C%22%3A0.00057166113228683%7D%22%7D,title,ĞšĞ²Ğ°Ñ€Ñ‚Ğ¸Ñ€Ğ° Ñ Ğ¡Ğ¿Ğ°Ğ»ÑŒĞ½Ğ¸: 1 Ğ¸ Ğ’Ğ°Ğ½Ğ½Ñ‹Ğµ: 1,price,14 000 à¸¿/Ğ¼ĞµÑÑÑ†,description,"ğŸ’šğ•Šğ•¡ğ•’ğ•”ğ•šğ• ğ•¦ğ•¤ ğ•’ğ•¡ğ•’ğ•£ğ•¥ğ•ğ•–ğ•Ÿğ•¥ ğ•¨ğ•šğ•¥ğ•™ ğ•ğ• ğ•¦ğ•Ÿğ•¥ğ•’ğ•šğ•Ÿ ğ•’ğ•Ÿğ•• ğ•¡ğ• ğ• ğ• ğ•§ğ•šğ•–ğ•¨ğ•¤ğŸ’š
The com... Ğ•Ñ‰Ñ‘",geolocation,9.5558515255692,100.00886678696
time,2022-04-06_13-51-11_814104,id,960141521373871,href,https://www.facebook.com/marketplace/item/960141521373871/?ref=category_feed&referral_code=undefined&referral_story_type=listing&tracking=%7B%22qid%22%3A%22-6568782833465079433%22%2C%22mf_story_key%22%3A%224937201629693591%22%2C%22commerce_rank_obj%22%3A%22%7B%5C%22target_id%5C%22%3A4937201629693591%2C%5C%22target_type%5C%22%3A0%2C%5C%22primary_position%5C%22%3A19%2C%5C%22ranking_signature%5C%22%3A2008839543884611584%2C%5C%22commerce_channel%5C%22%3A504%2C%5C%22value%5C%22%3A0.00056445748007581%7D%22%7D,title,3 Beds 3 Baths - House,price,65 000 à¸¿/Ğ¼ĞµÑÑÑ†,description,"3 Bedrooms Seaview Pool Villa

Bo Phut Hill, Samui ThailandğŸŒ´

 ",geolocation,9.5339221883156,100.06268262863
time,2022-04-06_13-51-22_833775,id,478915247258661,href,https://www.facebook.com/marketplace/item/478915247258661/?ref=category_feed&referral_code=undefined&referral_story_type=listing&tracking=%7B%22qid%22%3A%22-6568782833465079433%22%2C%22mf_story_key%22%3A%225138467312876899%22%2C%22commerce_rank_obj%22%3A%22%7B%5C%22target_id%5C%22%3A5138467312876899%2C%5C%22target_type%5C%22%3A0%2C%5C%22primary_position%5C%22%3A20%2C%5C%22ranking_signature%5C%22%3A2008839543884611584%2C%5C%22commerce_channel%5C%22%3A504%2C%5C%22value%5C%22%3A0.00056418886148523%7D%22%7D,title,2 Beds villa-apartment with private pool in Chaweng Noi /down unit Just 850 meters to the beach,price,28 000 à¸¿/Ğ¼ĞµÑÑÑ†,description,"2 Bed. villa-apartment down unit with private pool in Chaweng Noi /down unit

just 850 meters from t... Ğ•Ñ‰Ñ‘",geolocation,9.503401050013,100.05549355001
time,2022-04-06_13-51-33_028311,id,707167637078048,href,https://www.facebook.com/marketplace/item/707167637078048/?ref=category_feed&referral_code=undefined&referral_story_type=listing&tracking=%7B%22qid%22%3A%22-6568782833465079433%22%2C%22mf_story_key%22%3A%227266964630011889%22%2C%22commerce_rank_obj%22%3A%22%7B%5C%22target_id%5C%22%3A7266964630011889%2C%5C%22target_type%5C%22%3A0%2C%5C%22primary_position%5C%22%3A21%2C%5C%22ranking_signature%5C%22%3A2008839543884611584%2C%5C%22commerce_channel%5C%22%3A504%2C%5C%22value%5C%22%3A0.00054231979115013%7D%22%7D,title,2 Beds 2 Baths House,price,35 000 à¸¿/Ğ¼ĞµÑÑÑ†,description,"2-Bedroom Duplex Villas With Private Gated Gardens And Private Pool 900m To Bangrak Beach

35,000 TH... Ğ•Ñ‰Ñ‘",geolocation,9.5546005591247,100.04752228317
time,2022-04-06_13-51-40_522882,id,539955314114221,href,https://www.facebook.com/marketplace/item/539955314114221/?ref=category_feed&referral_code=undefined&referral_story_type=listing&tracking=%7B%22qid%22%3A%22-6568782833465079433%22%2C%22mf_story_key%22%3A%225050286671714480%22%2C%22commerce_rank_obj%22%3A%22%7B%5C%22target_id%5C%22%3A5050286671714480%2C%5C%22target_type%5C%22%3A0%2C%5C%22primary_position%5C%22%3A22%2C%5C%22ranking_signature%5C%22%3A2008839543884611584%2C%5C%22commerce_channel%5C%22%3A504%2C%5C%22value%5C%22%3A0.00053284989642066%7D%22%7D,title,3 beds 2 baths House,price,55 000 à¸¿/Ğ¼ĞµÑÑÑ†,description,"3 bedroom 2 bathroom modern villa 

Maenam, Samui ThailandğŸŒ´
Available from July
Villa encapsulates ... Ğ•Ñ‰Ñ‘",geolocation,9.5606642501997,100.00396415131
time,2022-04-06_13-51-47_427516,id,2090919337727503,href,https://www.facebook.com/marketplace/item/2090919337727503/?ref=category_feed&referral_code=undefined&referral_story_type=listing&tracking=%7B%22qid%22%3A%22-6568782833465079433%22%2C%22mf_story_key%22%3A%225128361853896772%22%2C%22commerce_rank_obj%22%3A%22%7B%5C%22target_id%5C%22%3A5128361853896772%2C%5C%22target_type%5C%22%3A0%2C%5C%22primary_position%5C%22%3A23%2C%5C%22ranking_signature%5C%22%3A2008839543884611584%2C%5C%22commerce_channel%5C%22%3A504%2C%5C%22value%5C%22%3A0.00052863081592362%7D%22%7D,title,1 bed 1 bath Flat,price,7 000 à¸¿/Ğ¼ĞµÑÑÑ†,description,"Large  Studio with view & Kitchenette

Bangrak Apartments, Koh Samui

Quiet area of Bangrak. Located... Ğ•Ñ‰Ñ‘",geolocation,9.55400361302,100.05066882502
time,2022-04-06_14-22-14_348551,id,603630720744031,href,https://www.facebook.com/marketplace/item/603630720744031/?ref=category_feed&referral_code=undefined&referral_story_type=listing&tracking=%7B%22qid%22%3A%22-6568643126799253994%22%2C%22mf_story_key%22%3A%224822601234488314%22%2C%22commerce_rank_obj%22%3A%22%7B%5C%22target_id%5C%22%3A4822601234488314%2C%5C%22target_type%5C%22%3A0%2C%5C%22primary_position%5C%22%3A7%2C%5C%22ranking_signature%5C%22%3A2040037937214652416%2C%5C%22commerce_channel%5C%22%3A504%2C%5C%22value%5C%22%3A0.0013639472271169%7D%22%7D,title,à¸—à¸²à¸§à¸™à¹Œà¹€à¸®à¸²à¸ªà¹Œ 1 à¸«à¹‰à¸­à¸‡à¸™à¸­à¸™ 1 à¸«à¹‰à¸­à¸‡à¸™à¹‰à¸³,price,9 000 à¸¿/Ğ¼ĞµÑÑÑ†,description,"à¸—à¸²à¸§à¹Œà¸™à¹€à¸®à¹‰à¸²à¸ªà¹Œ / à¸—à¸²à¸§à¹Œà¸™à¹‚à¸®à¸¡ >> à¹ƒà¸à¸¥à¹‰ à¸£à¸.à¸à¸£à¸¸à¸‡à¹€à¸—à¸à¸ªà¸¡à¸¸à¸¢ à¹€à¸à¸µà¸¢à¸‡ 500 à¹€à¸¡à¸•à¸£ !!
#à¹ƒà¸«à¹‰à¹€à¸Šà¹ˆà¸² #à¸§à¹ˆà¸²à¸‡à¹ƒà¸«à¹‰à¹€à¸Šà¹ˆà¸² 1 à¸«à¹‰à¸­à¸‡à¸™à¸­à¸™ 1 à¸«à¹‰... Ğ•Ñ‰Ñ‘",geolocation,9.5131495,100.0509307
time,2022-04-06_14-22-22_605511,id,543971126855816,href,https://www.facebook.com/marketplace/item/543971126855816/?ref=category_feed&referral_code=undefined&referral_story_type=listing&tracking=%7B%22qid%22%3A%22-6568643126799253994%22%2C%22mf_story_key%22%3A%224971045899658401%22%2C%22commerce_rank_obj%22%3A%22%7B%5C%22target_id%5C%22%3A4971045899658401%2C%5C%22target_type%5C%22%3A0%2C%5C%22primary_position%5C%22%3A9%2C%5C%22ranking_signature%5C%22%3A2040037937214652416%2C%5C%22commerce_channel%5C%22%3A504%2C%5C%22value%5C%22%3A0.0013321102785161%7D%22%7D,title,ĞšĞ²Ğ°Ñ€Ñ‚Ğ¸Ñ€Ğ° Ñ Ğ¡Ğ¿Ğ°Ğ»ĞµĞ½: 1 Ğ¸ Ğ¡Ğ°Ğ½ÑƒĞ·Ğ»Ğ¾Ğ²: 1,price,10 500 à¸¿/Ğ¼ĞµÑÑÑ†,description,"ğŸŸ¢Modern cozy quiet apartment for rentğŸŸ¢
âš ï¸Available from March 24âš ï¸
The complex is located in the B... Ğ•Ñ‰Ñ‘",geolocation,9.557724278375,100.05512860312
time,2022-04-06_14-22-37_701086,id,4995800387153965,href,https://www.facebook.com/marketplace/item/4995800387153965/?ref=category_feed&referral_code=undefined&referral_story_type=listing&tracking=%7B%22qid%22%3A%22-6568643126799253994%22%2C%22mf_story_key%22%3A%224711468392306593%22%2C%22commerce_rank_obj%22%3A%22%7B%5C%22target_id%5C%22%3A4711468392306593%2C%5C%22target_type%5C%22%3A0%2C%5C%22primary_position%5C%22%3A14%2C%5C%22ranking_signature%5C%22%3A2040037937214652416%2C%5C%22commerce_channel%5C%22%3A504%2C%5C%22value%5C%22%3A0.0011820673464616%7D%22%7D,title,1 à¸«à¹‰à¸­à¸‡à¸™à¸­à¸™ 1 à¸«à¹‰à¸­à¸‡à¸™à¹‰à¸³ - à¸šà¹‰à¸²à¸™,price,4 000 à¸¿/Ğ¼ĞµÑÑÑ†,description,"1 à¸«à¹‰à¸­à¸‡à¸™à¸­à¸™ 1 à¸«à¹‰à¸­à¸‡à¸™à¹‰à¸³ - à¸šà¹‰à¸²à¸™

3 à¸«à¸¡à¸¹à¹ˆ1 à¸•.à¹à¸¡à¹ˆà¸™à¹‰à¸³ à¸­.à¹€à¸à¸²à¸°à¸ªà¸¡à¸¸à¸¢, Amphoe Koh Sa-mui, Surat Thani 84320 ",geolocation,9.5669734705416,100.01762891998
time,2022-04-06_14-22-43_170824,id,973731719949835,href,https://www.facebook.com/marketplace/item/973731719949835/?ref=category_feed&referral_code=undefined&referral_story_type=listing&tracking=%7B%22qid%22%3A%22-6568643126799253994%22%2C%22mf_story_key%22%3A%224956643207724352%22%2C%22commerce_rank_obj%22%3A%22%7B%5C%22target_id%5C%22%3A4956643207724352%2C%5C%22target_type%5C%22%3A0%2C%5C%22primary_position%5C%22%3A16%2C%5C%22ranking_signature%5C%22%3A2040037937214652416%2C%5C%22commerce_channel%5C%22%3A504%2C%5C%22value%5C%22%3A0.0011549757728944%7D%22%7D,title,Maison de 2 chambres et 2 salles de bain,price,24 000 à¸¿/Ğ¼ĞµÑÑÑ†,description,"House Furnished 2 bedrooms, 2 bathrooms, large living dining room, kitchen ,a private balcony and ga... Ğ•Ñ‰Ñ‘",geolocation,9.485212365107,100.03471255302
time,2022-04-06_14-22-55_650883,id,687578092403992,href,https://www.facebook.com/marketplace/item/687578092403992/?ref=category_feed&referral_code=undefined&referral_story_type=listing&tracking=%7B%22qid%22%3A%22-6568643126799253994%22%2C%22mf_story_key%22%3A%224766786803367618%22%2C%22commerce_rank_obj%22%3A%22%7B%5C%22target_id%5C%22%3A4766786803367618%2C%5C%22target_type%5C%22%3A0%2C%5C%22primary_position%5C%22%3A17%2C%5C%22ranking_signature%5C%22%3A2040037937214652416%2C%5C%22commerce_channel%5C%22%3A504%2C%5C%22value%5C%22%3A0.001150401256392%7D%22%7D,title,3 à¸«à¹‰à¸­à¸‡à¸™à¸­à¸™ 3 à¸«à¹‰à¸­à¸‡à¸™à¹‰à¸³ - à¸šà¹‰à¸²à¸™,price,60 000 à¸¿/Ğ¼ĞµÑÑÑ†,description,"ğŸ–ï¸ Special offers 60,000 THB. / Month
Beachfront 3 Bedrooms and 3 Bathrooms with Living room Kitche... Ğ•Ñ‰Ñ‘",geolocation,9.57365,100.06631
time,2022-04-06_14-23-02_777947,id,631892291445697,href,https://www.facebook.com/marketplace/item/631892291445697/?ref=category_feed&referral_code=undefined&referral_story_type=listing&tracking=%7B%22qid%22%3A%22-6568643126799253994%22%2C%22mf_story_key%22%3A%224887342351359936%22%2C%22commerce_rank_obj%22%3A%22%7B%5C%22target_id%5C%22%3A4887342351359936%2C%5C%22target_type%5C%22%3A0%2C%5C%22primary_position%5C%22%3A18%2C%5C%22ranking_signature%5C%22%3A2040037937214652416%2C%5C%22commerce_channel%5C%22%3A504%2C%5C%22value%5C%22%3A0.0011404248748386%7D%22%7D,title,2 à¸«à¹‰à¸­à¸‡à¸™à¸­à¸™ 2 à¸«à¹‰à¸­à¸‡à¸™à¹‰à¸³ - à¸šà¹‰à¸²à¸™,price,19 000 à¸¿/Ğ¼ĞµÑÑÑ†,description,"2 à¸«à¹‰à¸­à¸‡à¸™à¸­à¸™ 2 à¸«à¹‰à¸­à¸‡à¸™à¹‰à¸³ - à¸šà¹‰à¸²à¸™

Soi Had Chaweng 1, Amphoe Koh Sa-mui, Surat Thani 84140 ",geolocation,9.5137698828333,100.05486255209
time,2022-04-06_14-23-08_296362,id,1332394630609049,href,https://www.facebook.com/marketplace/item/1332394630609049/?ref=category_feed&referral_code=undefined&referral_story_type=listing&tracking=%7B%22qid%22%3A%22-6568643126799253994%22%2C%22mf_story_key%22%3A%224798148286907621%22%2C%22commerce_rank_obj%22%3A%22%7B%5C%22target_id%5C%22%3A4798148286907621%2C%5C%22target_type%5C%22%3A0%2C%5C%22primary_position%5C%22%3A20%2C%5C%22ranking_signature%5C%22%3A2040037937214652416%2C%5C%22commerce_channel%5C%22%3A504%2C%5C%22value%5C%22%3A0.0010456661642039%7D%22%7D,title,3 Beds 3 Baths House,price,70 000 à¸¿/Ğ¼ĞµÑÑÑ†,description,"ğ…ğğ‘ ğ‘ğ„ğğ“: ğŒğğƒğ„ğ‘ğ ğŸ‘-ğğ„ğƒğ‘ğğğŒ ğğğğ‹ ğ•ğˆğ‹ğ‹ğ€ ğŸ“#ğğšğ§ğ ğ‘ğšğ¤
âœ… Price: 70,00... Ğ•Ñ‰Ñ‘",geolocation,9.5583695618192,100.05709724141
time,2022-04-06_14-23-16_201146,id,509043737404211,href,https://www.facebook.com/marketplace/item/509043737404211/?ref=category_feed&referral_code=undefined&referral_story_type=listing&tracking=%7B%22qid%22%3A%22-6568643126799253994%22%2C%22mf_story_key%22%3A%224878898532199804%22%2C%22commerce_rank_obj%22%3A%22%7B%5C%22target_id%5C%22%3A4878898532199804%2C%5C%22target_type%5C%22%3A0%2C%5C%22primary_position%5C%22%3A23%2C%5C%22ranking_signature%5C%22%3A2040037937214652416%2C%5C%22commerce_channel%5C%22%3A504%2C%5C%22value%5C%22%3A0.0010202834603522%7D%22%7D,title,×—×“×¨ ×©×™× ×” ××—×“ ×—×“×¨ ×××‘×˜×™×” ××—×“ - ×“×™×¨×”,price,10 000 à¸¿/Ğ¼ĞµÑÑÑ†,description,"Big room 30 sqm with an unique design, all rooms are a bit different, big king size bed, and a nice ... Ğ•Ñ‰Ñ‘",geolocation,9.5086375728044,100.05291604879
time,2022-04-06_14-27-20_247599,id,614959363090679,href,https://www.facebook.com/marketplace/item/614959363090679/?ref=category_feed&referral_code=undefined&referral_story_type=listing&tracking=%7B%22qid%22%3A%22-6568622168922350935%22%2C%22mf_story_key%22%3A%225114393471905670%22%2C%22commerce_rank_obj%22%3A%22%7B%5C%22target_id%5C%22%3A5114393471905670%2C%5C%22target_type%5C%22%3A0%2C%5C%22primary_position%5C%22%3A2%2C%5C%22ranking_signature%5C%22%3A875423757806600192%2C%5C%22commerce_channel%5C%22%3A504%2C%5C%22value%5C%22%3A0.0011576798083149%7D%22%7D,title,Maison de 1 chambre et 1 salle de bain,price,15 000 à¸¿/Ğ¼ĞµÑÑÑ†,description,"ğŸ–ï¸ğŸŒ…Cozy Beach Front BungalowğŸŒ…ğŸ–ï¸

Cozy Beach Front Bungalow is a very beautiful beachfront bungal... Ğ•Ñ‰Ñ‘",geolocation,9.5722030239632,99.995336805299
time,2022-04-06_14-27-28_544451,id,375565800890987,href,https://www.facebook.com/marketplace/item/375565800890987/?ref=category_feed&referral_code=undefined&referral_story_type=listing&tracking=%7B%22qid%22%3A%22-6568622168922350935%22%2C%22mf_story_key%22%3A%224469105329849320%22%2C%22commerce_rank_obj%22%3A%22%7B%5C%22target_id%5C%22%3A4469105329849320%2C%5C%22target_type%5C%22%3A0%2C%5C%22primary_position%5C%22%3A3%2C%5C%22ranking_signature%5C%22%3A875423757806600192%2C%5C%22commerce_channel%5C%22%3A504%2C%5C%22value%5C%22%3A0.0011576788083149%7D%22%7D,title,2 Beds 1 Bath - House,price,9 000 à¸¿/Ğ¼ĞµÑÑÑ†,description,"2 Beds 1 Bath - House

à¸‹à¸­à¸¢ à¹ƒà¸ˆà¸›à¸¥à¸·à¹‰à¸¡, à¸šà¹ˆà¸­à¸œà¸¸à¸”, à¹€à¸à¸²à¸°à¸ªà¸¡à¸¸à¸¢, à¸ªà¸¸à¸£à¸²à¸©à¸à¸£à¹Œà¸˜à¸²à¸™à¸µ 84320, à¸›à¸£à¸°à¹€à¸—à¸¨à¹„à¸—à¸¢ ",geolocation,9.55094,100.05075
time,2022-04-06_14-27-34_053766,id,1403337446746503,href,https://www.facebook.com/marketplace/item/1403337446746503/?ref=category_feed&referral_code=undefined&referral_story_type=listing&tracking=%7B%22qid%22%3A%22-6568622168922350935%22%2C%22mf_story_key%22%3A%223604253916365291%22%2C%22commerce_rank_obj%22%3A%22%7B%5C%22target_id%5C%22%3A3604253916365291%2C%5C%22target_type%5C%22%3A0%2C%5C%22primary_position%5C%22%3A4%2C%5C%22ranking_signature%5C%22%3A875423757806600192%2C%5C%22commerce_channel%5C%22%3A504%2C%5C%22value%5C%22%3A0.0011576778083149%7D%22%7D,title,Maison de 1 chambre et 1 salle de bain,price,8 500 à¸¿/Ğ¼ĞµÑÑÑ†,description,"In a greeny and calm resort closed to main road and 3 minutes from bophut beach, adorable 1 bedroom ... Ğ•Ñ‰Ñ‘",geolocation,9.5607024051146,100.02483934164
time,2022-04-06_14-27-39_773659,id,470785618049591,href,https://www.facebook.com/marketplace/item/470785618049591/?ref=category_feed&referral_code=undefined&referral_story_type=listing&tracking=%7B%22qid%22%3A%22-6568622168922350935%22%2C%22mf_story_key%22%3A%227009693285772719%22%2C%22commerce_rank_obj%22%3A%22%7B%5C%22target_id%5C%22%3A7009693285772719%2C%5C%22target_type%5C%22%3A0%2C%5C%22primary_position%5C%22%3A5%2C%5C%22ranking_signature%5C%22%3A875423757806600192%2C%5C%22commerce_channel%5C%22%3A504%2C%5C%22value%5C%22%3A0.0011576768083149%7D%22%7D,title,2 beds 2 baths House,price,25 000 à¸¿/Ğ¼ĞµÑÑÑ†,description,"Available For Longterm Rental, At Just 25,000 THB Per Month These Luxury 2 Bedroom Sea View Townhous... Ğ•Ñ‰Ñ‘",geolocation,9.55376509,99.99414037
time,2022-04-06_14-27-47_401059,id,691936811856949,href,https://www.facebook.com/marketplace/item/691936811856949/?ref=category_feed&referral_code=undefined&referral_story_type=listing&tracking=%7B%22qid%22%3A%22-6568622168922350935%22%2C%22mf_story_key%22%3A%227048626385208103%22%2C%22commerce_rank_obj%22%3A%22%7B%5C%22target_id%5C%22%3A7048626385208103%2C%5C%22target_type%5C%22%3A0%2C%5C%22primary_position%5C%22%3A6%2C%5C%22ranking_signature%5C%22%3A875423757806600192%2C%5C%22commerce_channel%5C%22%3A504%2C%5C%22value%5C%22%3A0.0011576758083149%7D%22%7D,title,1 Bed 1 Bath - House,price,18 000 à¸¿/Ğ¼ĞµÑÑÑ†,description,"1 Bedroom House

Bo Phut, Samui Thailand ğŸŒ´

â˜€ï¸Included:
- WiFi
- Maid cleaning twice a month/ linen... Ğ•Ñ‰Ñ‘",geolocation,9.55897,100.03142
time,2022-04-06_14-27-57_000453,id,491414442678525,href,https://www.facebook.com/marketplace/item/491414442678525/?ref=category_feed&referral_code=undefined&referral_story_type=listing&tracking=%7B%22qid%22%3A%22-6568622168922350935%22%2C%22mf_story_key%22%3A%224946112642139783%22%2C%22commerce_rank_obj%22%3A%22%7B%5C%22target_id%5C%22%3A4946112642139783%2C%5C%22target_type%5C%22%3A0%2C%5C%22primary_position%5C%22%3A7%2C%5C%22ranking_signature%5C%22%3A875423757806600192%2C%5C%22commerce_channel%5C%22%3A504%2C%5C%22value%5C%22%3A0.0011576748083149%7D%22%7D,title,3 Beds 4 Baths - House,price,40 000 à¸¿/Ğ¼ĞµÑÑÑ†,description,"Chaweng: Beautiful  Seaview Duplex Villa For Rent
ğŸ”¹Seaview
ğŸ”¹3.5 Bedrooms fully air conditioned (in... Ğ•Ñ‰Ñ‘",geolocation,9.5256297377941,100.03395845175
time,2022-04-06_14-28-05_937276,id,436652328215840,href,https://www.facebook.com/marketplace/item/436652328215840/?ref=category_feed&referral_code=undefined&referral_story_type=listing&tracking=%7B%22qid%22%3A%22-6568622168922350935%22%2C%22mf_story_key%22%3A%224865206073560600%22%2C%22commerce_rank_obj%22%3A%22%7B%5C%22target_id%5C%22%3A4865206073560600%2C%5C%22target_type%5C%22%3A0%2C%5C%22primary_position%5C%22%3A12%2C%5C%22ranking_signature%5C%22%3A875423757806600192%2C%5C%22commerce_channel%5C%22%3A504%2C%5C%22value%5C%22%3A0.0010002141828228%7D%22%7D,title,3 Schlafzimmer 2 Badezimmer Haus,price,50 000 à¸¿/Ğ¼ĞµÑÑÑ†,description,"Longterm - House for Rent, Koh Samui, Choeng Mon
ğŸ›ğŸ› Three Bedrooms
ğŸ›ğŸš¿ Two Bathrooms
ğŸŠğŸ¼â€â™€ï¸ Outd... Ğ•Ñ‰Ñ‘",geolocation,9.56365,100.07755
time,2022-04-06_14-28-17_348679,id,519108353276380,href,https://www.facebook.com/marketplace/item/519108353276380/?ref=category_feed&referral_code=undefined&referral_story_type=listing&tracking=%7B%22qid%22%3A%22-6568622168922350935%22%2C%22mf_story_key%22%3A%224784728664966077%22%2C%22commerce_rank_obj%22%3A%22%7B%5C%22target_id%5C%22%3A4784728664966077%2C%5C%22target_type%5C%22%3A0%2C%5C%22primary_position%5C%22%3A13%2C%5C%22ranking_signature%5C%22%3A875423757806600192%2C%5C%22commerce_channel%5C%22%3A504%2C%5C%22value%5C%22%3A0.00096532777466273%7D%22%7D,title,2 Beds 2 Baths House,price,88 000 à¸¿/Ğ¼ĞµÑÑÑ†,description,"ğ…ğğ‘ ğ‘ğ„ğğ“: ğŸ ğğ„ğƒğ‘ğğğŒ ğğ„ğ€ğ‚ğ‡ğ…ğ‘ğğğ“ ğ•ğˆğ‹ğ‹ğ€ ğŸ“
âœ… Price: 88 000 THB/month
ğŸ”¹2 ... Ğ•Ñ‰Ñ‘",geolocation,9.5864262506233,100.07308959961
time,2022-04-06_14-28-29_333090,id,366743255053557,href,https://www.facebook.com/marketplace/item/366743255053557/?ref=category_feed&referral_code=undefined&referral_story_type=listing&tracking=%7B%22qid%22%3A%22-6568622168922350935%22%2C%22mf_story_key%22%3A%223975204385917817%22%2C%22commerce_rank_obj%22%3A%22%7B%5C%22target_id%5C%22%3A3975204385917817%2C%5C%22target_type%5C%22%3A0%2C%5C%22primary_position%5C%22%3A14%2C%5C%22ranking_signature%5C%22%3A875423757806600192%2C%5C%22commerce_channel%5C%22%3A504%2C%5C%22value%5C%22%3A0.00090754168296906%7D%22%7D,title,ĞšĞ²Ğ°Ñ€Ñ‚Ğ¸Ñ€Ğ° Ñ Ğ¡Ğ¿Ğ°Ğ»ĞµĞ½: 1 Ğ¸ Ğ¡Ğ°Ğ½ÑƒĞ·Ğ»Ğ¾Ğ²: 1,price,9 500 à¸¿/Ğ¼ĞµÑÑÑ†,description,"The complex is located on the top of a hill, 700 meters from Maenam Beach.
The territory of the cond... Ğ•Ñ‰Ñ‘",geolocation,9.56626,100.00155
time,2022-04-06_14-28-41_803596,id,397688834740295,href,https://www.facebook.com/marketplace/item/397688834740295/?ref=category_feed&referral_code=undefined&referral_story_type=listing&tracking=%7B%22qid%22%3A%22-6568622168922350935%22%2C%22mf_story_key%22%3A%224118641311534143%22%2C%22commerce_rank_obj%22%3A%22%7B%5C%22target_id%5C%22%3A4118641311534143%2C%5C%22target_type%5C%22%3A0%2C%5C%22primary_position%5C%22%3A15%2C%5C%22ranking_signature%5C%22%3A875423757806600192%2C%5C%22commerce_channel%5C%22%3A504%2C%5C%22value%5C%22%3A0.00079848208925384%7D%22%7D,title,1 à¸«à¹‰à¸­à¸‡à¸™à¸­à¸™ 1 à¸«à¹‰à¸­à¸‡à¸™à¹‰à¸³ - à¸šà¹‰à¸²à¸™,price,7 000 à¸¿/Ğ¼ĞµÑÑÑ†,description,"1 à¸«à¹‰à¸­à¸‡à¸™à¸­à¸™ 1 à¸«à¹‰à¸­à¸‡à¸™à¹‰à¸³ - à¸šà¹‰à¸²à¸™

à¸‹à¸­à¸¢ à¹€à¸‚à¸²à¸à¸£à¸°, Amphoe Koh Sa-mui, Surat Thani 84320 ",geolocation,9.5432195,100.0391421
time,2022-04-06_14-28-49_283962,id,3467964180150230,href,https://www.facebook.com/marketplace/item/3467964180150230/?ref=category_feed&referral_code=undefined&referral_story_type=listing&tracking=%7B%22qid%22%3A%22-6568622168922350935%22%2C%22mf_story_key%22%3A%225099319940104183%22%2C%22commerce_rank_obj%22%3A%22%7B%5C%22target_id%5C%22%3A5099319940104183%2C%5C%22target_type%5C%22%3A0%2C%5C%22primary_position%5C%22%3A16%2C%5C%22ranking_signature%5C%22%3A875423757806600192%2C%5C%22commerce_channel%5C%22%3A504%2C%5C%22value%5C%22%3A0.00077441249852972%7D%22%7D,title,3 Beds 3.5 Baths - House,price,75 000 à¸¿/Ğ¼ĞµÑÑÑ†,description,"3 Bedrooms Seaview Pool Villa

Chaweng Noi, Samui ThailandğŸŒ´

 âœ¨Perfectly villa located in the Chawe... Ğ•Ñ‰Ñ‘",geolocation,9.53276,100.06467
time,2022-04-06_14-29-00_604115,id,4882030998500328,href,https://www.facebook.com/marketplace/item/4882030998500328/?ref=category_feed&referral_code=undefined&referral_story_type=listing&tracking=%7B%22qid%22%3A%22-6568622168922350935%22%2C%22mf_story_key%22%3A%225008656262561782%22%2C%22commerce_rank_obj%22%3A%22%7B%5C%22target_id%5C%22%3A5008656262561782%2C%5C%22target_type%5C%22%3A0%2C%5C%22primary_position%5C%22%3A18%2C%5C%22ranking_signature%5C%22%3A875423757806600192%2C%5C%22commerce_channel%5C%22%3A504%2C%5C%22value%5C%22%3A0.0007437833479152%7D%22%7D,title,1 camera da letto 1 bagno Appartamento,price,7 000 à¸¿/Ğ¼ĞµÑÑÑ†,description,"Gecko Hotel rent studio with kitchen,air cond.,speed wifi,safe box,hot water,tv lcd,balcony.Electric... Ğ•Ñ‰Ñ‘",geolocation,9.541136496,100.040241035
time,2022-04-06_14-29-06_609715,id,1096835824432547,href,https://www.facebook.com/marketplace/item/1096835824432547/?ref=category_feed&referral_code=undefined&referral_story_type=listing&tracking=%7B%22qid%22%3A%22-6568622168922350935%22%2C%22mf_story_key%22%3A%224876158389132800%22%2C%22commerce_rank_obj%22%3A%22%7B%5C%22target_id%5C%22%3A4876158389132800%2C%5C%22target_type%5C%22%3A0%2C%5C%22primary_position%5C%22%3A19%2C%5C%22ranking_signature%5C%22%3A875423757806600192%2C%5C%22commerce_channel%5C%22%3A504%2C%5C%22value%5C%22%3A0.00072339538391413%7D%22%7D,title,1 Bed 1 Bath - House,price,30 000 à¸¿/Ğ¼ĞµÑÑÑ†,description,"ğŸ‘‰ 1 Bedroom 30,000 baht per month with private pool
Plaileam, Samui Thailand ğŸŒ´
ğŸš«Pet
â­ï¸Included: 
... Ğ•Ñ‰Ñ‘",geolocation,9.543373003482,100.04448050059
time,2022-04-06_14-29-18_461811,id,369616767944054,href,https://www.facebook.com/marketplace/item/369616767944054/?ref=category_feed&referral_code=undefined&referral_story_type=listing&tracking=%7B%22qid%22%3A%22-6568622168922350935%22%2C%22mf_story_key%22%3A%225300395309979638%22%2C%22commerce_rank_obj%22%3A%22%7B%5C%22target_id%5C%22%3A5300395309979638%2C%5C%22target_type%5C%22%3A0%2C%5C%22primary_position%5C%22%3A20%2C%5C%22ranking_signature%5C%22%3A875423757806600192%2C%5C%22commerce_channel%5C%22%3A504%2C%5C%22value%5C%22%3A0.00069330503631531%7D%22%7D,title,1 Bed 1 Bath - House,price,4 000 à¸¿/Ğ¼ĞµÑÑÑ†,description,"1 Bed 1 Bath - House

Banbangrak, Amphoe Koh Sa-mui, Surat Thani, Thailand 84320 ",geolocation,9.551870431122,100.05359615489
time,2022-04-06_14-29-24_336753,id,2994892804173684,href,https://www.facebook.com/marketplace/item/2994892804173684/?ref=category_feed&referral_code=undefined&referral_story_type=listing&tracking=%7B%22qid%22%3A%22-6568622168922350935%22%2C%22mf_story_key%22%3A%224609100632521311%22%2C%22commerce_rank_obj%22%3A%22%7B%5C%22target_id%5C%22%3A4609100632521311%2C%5C%22target_type%5C%22%3A0%2C%5C%22primary_position%5C%22%3A21%2C%5C%22ranking_signature%5C%22%3A875423757806600192%2C%5C%22commerce_channel%5C%22%3A504%2C%5C%22value%5C%22%3A0.00065465168289351%7D%22%7D,title,Appartement de 1 chambre et 1 salle de bain,price,15 000 à¸¿/Ğ¼ĞµÑÑÑ†,description,"Studio avec balcon dans une rÃ©sidence, vue mer et montagne, pour 2 personnes Ã  louer long terme , si... Ğ•Ñ‰Ñ‘",geolocation,9.5126491475227,100.05356001633
time,2022-04-06_14-29-30_249859,id,3187057581505682,href,https://www.facebook.com/marketplace/item/3187057581505682/?ref=category_feed&referral_code=undefined&referral_story_type=listing&tracking=%7B%22qid%22%3A%22-6568622168922350935%22%2C%22mf_story_key%22%3A%224577383345715400%22%2C%22commerce_rank_obj%22%3A%22%7B%5C%22target_id%5C%22%3A4577383345715400%2C%5C%22target_type%5C%22%3A0%2C%5C%22primary_position%5C%22%3A22%2C%5C%22ranking_signature%5C%22%3A875423757806600192%2C%5C%22commerce_channel%5C%22%3A504%2C%5C%22value%5C%22%3A0.00058902531098478%7D%22%7D,title,1 camera da letto 1 bagno Appartamento,price,5 000 à¸¿/Ğ¼ĞµÑÑÑ†,description,"@gecko Hotel rent studio,near Big C
Air cond,fan,safe box,kitchen,tv lcd,balcony.Ground floor. ",geolocation,9.541136496,100.040241035
time,2022-04-06_14-29-35_533025,id,357783072935754,href,https://www.facebook.com/marketplace/item/357783072935754/?ref=category_feed&referral_code=undefined&referral_story_type=listing&tracking=%7B%22qid%22%3A%22-6568622168922350935%22%2C%22mf_story_key%22%3A%225035530543166818%22%2C%22commerce_rank_obj%22%3A%22%7B%5C%22target_id%5C%22%3A5035530543166818%2C%5C%22target_type%5C%22%3A0%2C%5C%22primary_position%5C%22%3A23%2C%5C%22ranking_signature%5C%22%3A875423757806600192%2C%5C%22commerce_channel%5C%22%3A504%2C%5C%22value%5C%22%3A0.00057220006878494%7D%22%7D,title,Maison de 2 chambres et 2 salles de bain,price,27 000 à¸¿/Ğ¼ĞµÑÑÑ†,description,"villa with 2 bedrooms with aircon , 2 bathrooms, living-dining room, fitted kitchen with washing mac... Ğ•Ñ‰Ñ‘",geolocation,9.485212365107,100.03471255302
time,2022-04-06_14-42-21_074815,id,280506984189293,href,https://www.facebook.com/marketplace/item/280506984189293/?ref=category_feed&referral_code=undefined&referral_story_type=listing&tracking=%7B%22qid%22%3A%22-6568560184163119728%22%2C%22mf_story_key%22%3A%225140653442625869%22%2C%22commerce_rank_obj%22%3A%22%7B%5C%22target_id%5C%22%3A5140653442625869%2C%5C%22target_type%5C%22%3A0%2C%5C%22primary_position%5C%22%3A5%2C%5C%22ranking_signature%5C%22%3A1808908086111371264%2C%5C%22commerce_channel%5C%22%3A504%2C%5C%22value%5C%22%3A0.0011851638598303%7D%22%7D,title,Maison de 3 chambres et 2 salles de bain,price,25 000 à¸¿/Ğ¼ĞµÑÑÑ†,description,Nice 2-storey villa located in a residential community in Bangrak. Ideal for long term stay with pri... Ğ•Ñ‰Ñ‘,geolocation,9.5326764942504,100.06287437842
time,2022-04-06_14-42-33_792831,id,247849903959113,href,https://www.facebook.com/marketplace/item/247849903959113/?ref=category_feed&referral_code=undefined&referral_story_type=listing&tracking=%7B%22qid%22%3A%22-6568560184163119728%22%2C%22mf_story_key%22%3A%224499138176819820%22%2C%22commerce_rank_obj%22%3A%22%7B%5C%22target_id%5C%22%3A4499138176819820%2C%5C%22target_type%5C%22%3A0%2C%5C%22primary_position%5C%22%3A6%2C%5C%22ranking_signature%5C%22%3A1808908086111371264%2C%5C%22commerce_channel%5C%22%3A504%2C%5C%22value%5C%22%3A0.0011851628598303%7D%22%7D,title,1 bed 1 bathroom â€“ Flat,price,10 000 à¸¿/Ğ¼ĞµÑÑÑ†,description,"1 bed 1 bathroom â€“ Flat

Amphoe Koh Sa-mui, Surat Thani, Thailand

Fully Furnished 1 Bedroom 1 Bathr... Ğ•Ñ‰Ñ‘",geolocation,9.5609654677228,100.02762665725
time,2022-04-06_14-42-45_482029,id,482791933254627,href,https://www.facebook.com/marketplace/item/482791933254627/?ref=category_feed&referral_code=undefined&referral_story_type=listing&tracking=%7B%22qid%22%3A%22-6568560184163119728%22%2C%22mf_story_key%22%3A%224722205611210120%22%2C%22commerce_rank_obj%22%3A%22%7B%5C%22target_id%5C%22%3A4722205611210120%2C%5C%22target_type%5C%22%3A0%2C%5C%22primary_position%5C%22%3A16%2C%5C%22ranking_signature%5C%22%3A1808908086111371264%2C%5C%22commerce_channel%5C%22%3A504%2C%5C%22value%5C%22%3A0.00089271794751084%7D%22%7D,title,3 Beds 3.5 Baths - House,price,40 000 à¸¿/Ğ¼ĞµÑÑÑ†,description,"3Bedrooms house with private pool 

Chaweng Noi, Samui Thailand ğŸŒ´
Close to Panyadee School Chaweng ... Ğ•Ñ‰Ñ‘",geolocation,9.4986965972012,100.04637402557
time,2022-04-06_14-42-56_759603,id,666360357735561,href,https://www.facebook.com/marketplace/item/666360357735561/?ref=category_feed&referral_code=undefined&referral_story_type=listing&tracking=%7B%22qid%22%3A%22-6568560184163119728%22%2C%22mf_story_key%22%3A%225162246387194578%22%2C%22commerce_rank_obj%22%3A%22%7B%5C%22target_id%5C%22%3A5162246387194578%2C%5C%22target_type%5C%22%3A0%2C%5C%22primary_position%5C%22%3A17%2C%5C%22ranking_signature%5C%22%3A1808908086111371264%2C%5C%22commerce_channel%5C%22%3A504%2C%5C%22value%5C%22%3A0.00085892681614134%7D%22%7D,title,3 Beds 3 Baths - House,price,45 000 à¸¿/Ğ¼ĞµÑÑÑ†,description,"3 Bedrooms House

Bo Phut, Samui Thailand ğŸŒ´

â˜€ï¸Included:
- WiFi
- Maid cleaning twice a month

â›ˆExc... Ğ•Ñ‰Ñ‘",geolocation,9.55897,100.03142
time,2022-04-06_14-43-07_723353,id,677924343551783,href,https://www.facebook.com/marketplace/item/677924343551783/?ref=category_feed&referral_code=undefined&referral_story_type=listing&tracking=%7B%22qid%22%3A%22-6568560184163119728%22%2C%22mf_story_key%22%3A%227425826220790832%22%2C%22commerce_rank_obj%22%3A%22%7B%5C%22target_id%5C%22%3A7425826220790832%2C%5C%22target_type%5C%22%3A0%2C%5C%22primary_position%5C%22%3A19%2C%5C%22ranking_signature%5C%22%3A1808908086111371264%2C%5C%22commerce_channel%5C%22%3A504%2C%5C%22value%5C%22%3A0.00079905640325012%7D%22%7D,title,ĞšĞ²Ğ°Ñ€Ñ‚Ğ¸Ñ€Ğ° Ñ Ğ¡Ğ¿Ğ°Ğ»ĞµĞ½: 1 Ğ¸ Ğ¡Ğ°Ğ½ÑƒĞ·Ğ»Ğ¾Ğ²: 1,price,8 000 à¸¿/Ğ¼ĞµÑÑÑ†,description,"ğŸŸ¢Modern cozy quiet apartment for rentğŸŸ¢
The complex is located in the BangRak area, 50 meters from ... Ğ•Ñ‰Ñ‘",geolocation,9.557724278375,100.05512860312
time,2022-04-06_14-43-21_771352,id,2404472109690247,href,https://www.facebook.com/marketplace/item/2404472109690247/?ref=category_feed&referral_code=undefined&referral_story_type=listing&tracking=%7B%22qid%22%3A%22-6568560184163119728%22%2C%22mf_story_key%22%3A%227234508526622795%22%2C%22commerce_rank_obj%22%3A%22%7B%5C%22target_id%5C%22%3A7234508526622795%2C%5C%22target_type%5C%22%3A0%2C%5C%22primary_position%5C%22%3A20%2C%5C%22ranking_signature%5C%22%3A1808908086111371264%2C%5C%22commerce_channel%5C%22%3A504%2C%5C%22value%5C%22%3A0.00078615336449895%7D%22%7D,title,3 beds 3 baths House,price,60 000 à¸¿/Ğ¼ĞµÑÑÑ†,description,"Available from May 
Bedrooms Beachfront Pool Villa

Plai Leam, Samui ThailandğŸŒ´

Thai house Comprise... Ğ•Ñ‰Ñ‘",geolocation,9.5709264818679,100.06990781478
time,2022-04-06_14-43-33_509623,id,688780669233102,href,https://www.facebook.com/marketplace/item/688780669233102/?ref=category_feed&referral_code=undefined&referral_story_type=listing&tracking=%7B%22qid%22%3A%22-6568560184163119728%22%2C%22mf_story_key%22%3A%224958088790952260%22%2C%22commerce_rank_obj%22%3A%22%7B%5C%22target_id%5C%22%3A4958088790952260%2C%5C%22target_type%5C%22%3A0%2C%5C%22primary_position%5C%22%3A21%2C%5C%22ranking_signature%5C%22%3A1808908086111371264%2C%5C%22commerce_channel%5C%22%3A504%2C%5C%22value%5C%22%3A0.00077928794107161%7D%22%7D,title,à¸šà¹‰à¸²à¸™ 4 à¸«à¹‰à¸­à¸‡à¸™à¸­à¸™ 4 à¸«à¹‰à¸­à¸‡à¸™à¹‰à¸³,price,120 000 à¸¿/Ğ¼ĞµÑÑÑ†,description,"4 Bedrooms Luxury Seaview Pool Villa

Lamai Beach (Maret), Samui ThailandğŸŒ´

The most beautiful prop... Ğ•Ñ‰Ñ‘",geolocation,9.5666850079567,99.993443702072
time,2022-04-06_14-43-49_551137,id,916542592349262,href,https://www.facebook.com/marketplace/item/916542592349262/?ref=category_feed&referral_code=undefined&referral_story_type=listing&tracking=%7B%22qid%22%3A%22-6568560184163119728%22%2C%22mf_story_key%22%3A%225008440972547991%22%2C%22commerce_rank_obj%22%3A%22%7B%5C%22target_id%5C%22%3A5008440972547991%2C%5C%22target_type%5C%22%3A0%2C%5C%22primary_position%5C%22%3A22%2C%5C%22ranking_signature%5C%22%3A1808908086111371264%2C%5C%22commerce_channel%5C%22%3A504%2C%5C%22value%5C%22%3A0.0007761854003692%7D%22%7D,title,×—×“×¨ ×©×™× ×” ××—×“ ×—×“×¨ ×××‘×˜×™×” ××—×“ - ×“×™×¨×”,price,10 000 à¸¿/Ğ¼ĞµÑÑÑ†,description,"Small boutique hotel  with 4 different rooms, every room have king size bed, sofa that can be open t... Ğ•Ñ‰Ñ‘",geolocation,9.5086375728044,100.05291604879
time,2022-04-07_14-16-08_022878,id,1013734472614162,href,https://www.facebook.com/marketplace/item/1013734472614162/?ref=category_feed&referral_code=undefined&referral_story_type=listing&tracking=%7B%22qid%22%3A%22-6562730986197381498%22%2C%22mf_story_key%22%3A%228106448562714514%22%2C%22commerce_rank_obj%22%3A%22%7B%5C%22target_id%5C%22%3A8106448562714514%2C%5C%22target_type%5C%22%3A0%2C%5C%22primary_position%5C%22%3A2%2C%5C%22ranking_signature%5C%22%3A586164530829066240%2C%5C%22commerce_channel%5C%22%3A504%2C%5C%22value%5C%22%3A0.00023360978202624%7D%22%7D,title,2 Beds 2 Baths - Apartment,price,15 000 à¸¿/Ğ¼ĞµÑÑÑ†,description,"2 bed rooms 2 baht rooms 
Fully furnished 
Common pool
Roof top gym 
 ",geolocation,9.555077,100.0366474
time,2022-04-07_14-16-15_753268,id,481333253348604,href,https://www.facebook.com/marketplace/item/481333253348604/?ref=category_feed&referral_code=undefined&referral_story_type=listing&tracking=%7B%22qid%22%3A%22-6562730986197381498%22%2C%22mf_story_key%22%3A%224968384953195808%22%2C%22commerce_rank_obj%22%3A%22%7B%5C%22target_id%5C%22%3A4968384953195808%2C%5C%22target_type%5C%22%3A0%2C%5C%22primary_position%5C%22%3A3%2C%5C%22ranking_signature%5C%22%3A586164530829066240%2C%5C%22commerce_channel%5C%22%3A504%2C%5C%22value%5C%22%3A0.00023360878202624%7D%22%7D,title,1 camera da letto 1 bagno Appartamento,price,8 000 à¸¿/Ğ¼ĞµÑÑÑ†,description,"Gecko Hotel rent studio,with air cond,speed internet,tv lcd,safe box,kitchen,balcony.
electric 6 bat... Ğ•Ñ‰Ñ‘",geolocation,9.541136496,100.040241035
time,2022-04-07_14-16-22_101834,id,719578175871521,href,https://www.facebook.com/marketplace/item/719578175871521/?ref=category_feed&referral_code=undefined&referral_story_type=listing&tracking=%7B%22qid%22%3A%22-6562730986197381498%22%2C%22mf_story_key%22%3A%225284035231652517%22%2C%22commerce_rank_obj%22%3A%22%7B%5C%22target_id%5C%22%3A5284035231652517%2C%5C%22target_type%5C%22%3A0%2C%5C%22primary_position%5C%22%3A4%2C%5C%22ranking_signature%5C%22%3A586164530829066240%2C%5C%22commerce_channel%5C%22%3A504%2C%5C%22value%5C%22%3A0.00023360778202624%7D%22%7D,title,3 beds 3 baths House,price,75 000 à¸¿/Ğ¼ĞµÑÑÑ†,description,"ğŸğŸ¡ ğ—•ğ—®ğ—¹ğ—¶ğ—»ğ—²ğ˜€ğ—² ğŸ¯ ğ—•ğ—²ğ—±ğ—¿ğ—¼ğ—¼ğ—º ğ—£ğ—¼ğ—¼ğ—¹ ğ—©ğ—¶ğ—¹ğ—¹ğ—® ğ—¶ğ—» ğ— ğ—®ğ—²ğ—»ğ—®ğ—º ğ—³ğ—¼ğ—¿ ğ—¥ğ—²ğ—»ğ˜ ğŸğŸ¡

... Ğ•Ñ‰Ñ‘",geolocation,9.5720014,100.0167891
time,2022-04-07_14-16-34_728556,id,967102340888708,href,https://www.facebook.com/marketplace/item/967102340888708/?ref=category_feed&referral_code=undefined&referral_story_type=listing&tracking=%7B%22qid%22%3A%22-6562730986197381498%22%2C%22mf_story_key%22%3A%226845674568807815%22%2C%22commerce_rank_obj%22%3A%22%7B%5C%22target_id%5C%22%3A6845674568807815%2C%5C%22target_type%5C%22%3A0%2C%5C%22primary_position%5C%22%3A5%2C%5C%22ranking_signature%5C%22%3A586164530829066240%2C%5C%22commerce_channel%5C%22%3A504%2C%5C%22value%5C%22%3A0.00023360678202624%7D%22%7D,title,1 Bed 1 Bath - House,price,30 000 à¸¿/Ğ¼ĞµÑÑÑ†,description,Pool Villa @Samui ,geolocation,9.5713081338736,100.07719018464
time,2022-04-07_14-16-41_851243,id,1005481413411685,href,https://www.facebook.com/marketplace/item/1005481413411685/?ref=category_feed&referral_code=undefined&referral_story_type=listing&tracking=%7B%22qid%22%3A%22-6562730986197381498%22%2C%22mf_story_key%22%3A%225442205932457434%22%2C%22commerce_rank_obj%22%3A%22%7B%5C%22target_id%5C%22%3A5442205932457434%2C%5C%22target_type%5C%22%3A0%2C%5C%22primary_position%5C%22%3A6%2C%5C%22ranking_signature%5C%22%3A586164530829066240%2C%5C%22commerce_channel%5C%22%3A504%2C%5C%22value%5C%22%3A0.00023360578202624%7D%22%7D,title,Maison de 1 chambre et 1 salle de bain,price,16 000 à¸¿/Ğ¼ĞµÑÑÑ†,description,"Bungalow view bungalow.  1 bedroom with air conditioning and ceiling fan, 1 bathroom with rain showe... Ğ•Ñ‰Ñ‘",geolocation,9.485212365107,100.03471255302
time,2022-04-07_14-16-53_675493,id,987822788530270,href,https://www.facebook.com/marketplace/item/987822788530270/?ref=category_feed&referral_code=undefined&referral_story_type=listing&tracking=%7B%22qid%22%3A%22-6562730986197381498%22%2C%22mf_story_key%22%3A%224852713064824846%22%2C%22commerce_rank_obj%22%3A%22%7B%5C%22target_id%5C%22%3A4852713064824846%2C%5C%22target_type%5C%22%3A0%2C%5C%22primary_position%5C%22%3A14%2C%5C%22ranking_signature%5C%22%3A586164530829066240%2C%5C%22commerce_channel%5C%22%3A504%2C%5C%22value%5C%22%3A0.00019362513841715%7D%22%7D,title,5 beds 5 bathrooms â€“ House,price,160 000 à¸¿/Ğ¼ĞµÑÑÑ†,description,"5 ğŸ›
5 ğŸ›
 
Beautiful villa available for short or long term rental. Amazing views of Bophut Hills o... Ğ•Ñ‰Ñ‘",geolocation,9.5483185068858,100.02668931137
time,2022-04-07_14-17-06_079359,id,545431843457442,href,https://www.facebook.com/marketplace/item/545431843457442/?ref=category_feed&referral_code=undefined&referral_story_type=listing&tracking=%7B%22qid%22%3A%22-6562730986197381498%22%2C%22mf_story_key%22%3A%225167964973265188%22%2C%22commerce_rank_obj%22%3A%22%7B%5C%22target_id%5C%22%3A5167964973265188%2C%5C%22target_type%5C%22%3A0%2C%5C%22primary_position%5C%22%3A15%2C%5C%22ranking_signature%5C%22%3A586164530829066240%2C%5C%22commerce_channel%5C%22%3A504%2C%5C%22value%5C%22%3A0.00018541670391518%7D%22%7D,title,à¸—à¸²à¸§à¸™à¹Œà¹€à¸®à¸²à¸ªà¹Œ 2 à¸«à¹‰à¸­à¸‡à¸™à¸­à¸™ 2 à¸«à¹‰à¸­à¸‡à¸™à¹‰à¸³,price,12 000 à¸¿/Ğ¼ĞµÑÑÑ†,description,".......Town House / Townhome 2 storey  ........
>> Lamai Zone, good location <<
ğŸ“Œ Living Size Area ... Ğ•Ñ‰Ñ‘",geolocation,9.47244,100.04866
time,2022-04-07_14-17-10_632017,id,479699763560225,href,https://www.facebook.com/marketplace/item/479699763560225/?ref=category_feed&referral_code=undefined&referral_story_type=listing&tracking=%7B%22qid%22%3A%22-6562730986197381498%22%2C%22mf_story_key%22%3A%224731037173658930%22%2C%22commerce_rank_obj%22%3A%22%7B%5C%22target_id%5C%22%3A4731037173658930%2C%5C%22target_type%5C%22%3A0%2C%5C%22primary_position%5C%22%3A16%2C%5C%22ranking_signature%5C%22%3A586164530829066240%2C%5C%22commerce_channel%5C%22%3A504%2C%5C%22value%5C%22%3A0.00018327958572346%7D%22%7D,title,2 beds 3 baths House,price,38 000 à¸¿/Ğ¼ĞµÑÑÑ†,description,"2 Bedroom villa with sharing pool
Located on the main  road near the popular Fisherman Village and B... Ğ•Ñ‰Ñ‘",geolocation,9.55897,100.03142
time,2022-04-07_14-17-20_563718,id,1390499928053072,href,https://www.facebook.com/marketplace/item/1390499928053072/?ref=category_feed&referral_code=undefined&referral_story_type=listing&tracking=%7B%22qid%22%3A%22-6562730986197381498%22%2C%22mf_story_key%22%3A%227158061954266541%22%2C%22commerce_rank_obj%22%3A%22%7B%5C%22target_id%5C%22%3A7158061954266541%2C%5C%22target_type%5C%22%3A0%2C%5C%22primary_position%5C%22%3A17%2C%5C%22ranking_signature%5C%22%3A586164530829066240%2C%5C%22commerce_channel%5C%22%3A504%2C%5C%22value%5C%22%3A0.0001791476512878%7D%22%7D,title,3 beds 3 baths House,price,45 000 à¸¿/Ğ¼ĞµÑÑÑ†,description,"Avialable From April 16th
3 Bedroom with pool villa

Located in Bo-phut on the main  road near the p... Ğ•Ñ‰Ñ‘",geolocation,9.5554123513154,100.05525963191
time,2022-04-07_14-17-32_645030,id,3158497541031204,href,https://www.facebook.com/marketplace/item/3158497541031204/?ref=category_feed&referral_code=undefined&referral_story_type=listing&tracking=%7B%22qid%22%3A%22-6562730986197381498%22%2C%22mf_story_key%22%3A%227083076808431368%22%2C%22commerce_rank_obj%22%3A%22%7B%5C%22target_id%5C%22%3A7083076808431368%2C%5C%22target_type%5C%22%3A0%2C%5C%22primary_position%5C%22%3A18%2C%5C%22ranking_signature%5C%22%3A586164530829066240%2C%5C%22commerce_channel%5C%22%3A504%2C%5C%22value%5C%22%3A0.00017885287673778%7D%22%7D,title,2 beds 2 baths House,price,35 000 à¸¿/Ğ¼ĞµÑÑÑ†,description,"2 bedrooms with private pool 
Located in Chaweng area ",geolocation,9.5717832,99.9898652
time,2022-04-07_14-17-39_541029,id,385708423375927,href,https://www.facebook.com/marketplace/item/385708423375927/?ref=category_feed&referral_code=undefined&referral_story_type=listing&tracking=%7B%22qid%22%3A%22-6562730986197381498%22%2C%22mf_story_key%22%3A%224825142240868323%22%2C%22commerce_rank_obj%22%3A%22%7B%5C%22target_id%5C%22%3A4825142240868323%2C%5C%22target_type%5C%22%3A0%2C%5C%22primary_position%5C%22%3A19%2C%5C%22ranking_signature%5C%22%3A586164530829066240%2C%5C%22commerce_channel%5C%22%3A504%2C%5C%22value%5C%22%3A0.00017324729210877%7D%22%7D,title,Maison de 2 chambres et 2 salles de bain,price,50 000 à¸¿/Ğ¼ĞµÑÑÑ†,description,"Cocooning Boho-style villa with fantastic sea view for rent.
Well located in Chaweng Hills, near sup... Ğ•Ñ‰Ñ‘",geolocation,9.5206760747744,100.04869599812
time,2022-04-07_14-17-48_821020,id,401433141729734,href,https://www.facebook.com/marketplace/item/401433141729734/?ref=category_feed&referral_code=undefined&referral_story_type=listing&tracking=%7B%22qid%22%3A%22-6562730986197381498%22%2C%22mf_story_key%22%3A%225150549661650533%22%2C%22commerce_rank_obj%22%3A%22%7B%5C%22target_id%5C%22%3A5150549661650533%2C%5C%22target_type%5C%22%3A0%2C%5C%22primary_position%5C%22%3A20%2C%5C%22ranking_signature%5C%22%3A586164530829066240%2C%5C%22commerce_channel%5C%22%3A504%2C%5C%22value%5C%22%3A0.00016841336861598%7D%22%7D,title,2 Beds 2 Baths House,price,14 000 à¸¿/Ğ¼ĞµÑÑÑ†,description,"Located in Bophut near Fisherman Village, Samui Diving Resort features air-conditioned bed rooms and... Ğ•Ñ‰Ñ‘",geolocation,9.5700747695441,100.07003
time,2022-04-07_14-18-00_867326,id,821565065904802,href,https://www.facebook.com/marketplace/item/821565065904802/?ref=category_feed&referral_code=undefined&referral_story_type=listing&tracking=%7B%22qid%22%3A%22-6562730986197381498%22%2C%22mf_story_key%22%3A%225101266496584041%22%2C%22commerce_rank_obj%22%3A%22%7B%5C%22target_id%5C%22%3A5101266496584041%2C%5C%22target_type%5C%22%3A0%2C%5C%22primary_position%5C%22%3A21%2C%5C%22ranking_signature%5C%22%3A586164530829066240%2C%5C%22commerce_channel%5C%22%3A504%2C%5C%22value%5C%22%3A0.00016241229520615%7D%22%7D,title,3 beds 3 baths House,price,40 000 à¸¿/Ğ¼ĞµÑÑÑ†,description,"Available from April
3 Bedroom house with private pool
40,000 baht per month (1-year contract)
45,00... Ğ•Ñ‰Ñ‘",geolocation,9.5077127368871,100.0533363634
time,2022-04-07_14-27-35_175227,id,546624873324306,href,https://www.facebook.com/marketplace/item/546624873324306/?ref=category_feed&referral_code=undefined&referral_story_type=listing&tracking=%7B%22qid%22%3A%22-6562683705923775989%22%2C%22mf_story_key%22%3A%227831086586908766%22%2C%22commerce_rank_obj%22%3A%22%7B%5C%22target_id%5C%22%3A7831086586908766%2C%5C%22target_type%5C%22%3A0%2C%5C%22primary_position%5C%22%3A4%2C%5C%22ranking_signature%5C%22%3A2635327044459692032%2C%5C%22commerce_channel%5C%22%3A504%2C%5C%22value%5C%22%3A0.0011704592632322%7D%22%7D,title,1 Bed 1 Bath Apartment,price,25 000 à¸¿/Ğ¼ĞµÑÑÑ†,description,"Modern Sea View Apartment, Long Term Rental
Price from 25,000 THB/Monthly
 [hidden information]
 063... Ğ•Ñ‰Ñ‘",geolocation,9.5726,100.08003
time,2022-04-07_14-27-42_541999,id,326610115634186,href,https://www.facebook.com/marketplace/item/326610115634186/?ref=category_feed&referral_code=undefined&referral_story_type=listing&tracking=%7B%22qid%22%3A%22-6562683705923775989%22%2C%22mf_story_key%22%3A%223394083000695412%22%2C%22commerce_rank_obj%22%3A%22%7B%5C%22target_id%5C%22%3A3394083000695412%2C%5C%22target_type%5C%22%3A0%2C%5C%22primary_position%5C%22%3A5%2C%5C%22ranking_signature%5C%22%3A2635327044459692032%2C%5C%22commerce_channel%5C%22%3A504%2C%5C%22value%5C%22%3A0.0011704582632322%7D%22%7D,title,2 Beds 2 Baths Townhouse,price,11 000 à¸¿/Ğ¼ĞµÑÑÑ†,description,"Home For Rent
- Walking distance to 7-11
- Government water and electricity
- Pet Friendly
- 5.1 Sur... Ğ•Ñ‰Ñ‘",geolocation,9.5280071619657,100.04516158088
time,2022-04-07_14-27-49_588551,id,343507954316336,href,https://www.facebook.com/marketplace/item/343507954316336/?ref=category_feed&referral_code=undefined&referral_story_type=listing&tracking=%7B%22qid%22%3A%22-6562683705923775989%22%2C%22mf_story_key%22%3A%226994438877298004%22%2C%22commerce_rank_obj%22%3A%22%7B%5C%22target_id%5C%22%3A6994438877298004%2C%5C%22target_type%5C%22%3A0%2C%5C%22primary_position%5C%22%3A7%2C%5C%22ranking_signature%5C%22%3A2635327044459692032%2C%5C%22commerce_channel%5C%22%3A504%2C%5C%22value%5C%22%3A0.0011704562632322%7D%22%7D,title,2 à¸«à¹‰à¸­à¸‡à¸™à¸­à¸™ 2 à¸«à¹‰à¸­à¸‡à¸™à¹‰à¸³ - à¸šà¹‰à¸²à¸™,price,15 000 à¸¿/Ğ¼ĞµÑÑÑ†,description,"House 2 Bed room, 2 Toilets with Fully furniture brand new , Near Fisherman Village, Near Bophut Bea... Ğ•Ñ‰Ñ‘",geolocation,9.5585929384674,100.02918760791
time,2022-04-07_14-27-57_809818,id,452304620007149,href,https://www.facebook.com/marketplace/item/452304620007149/?ref=category_feed&referral_code=undefined&referral_story_type=listing&tracking=%7B%22qid%22%3A%22-6562683705923775989%22%2C%22mf_story_key%22%3A%225350495411628472%22%2C%22commerce_rank_obj%22%3A%22%7B%5C%22target_id%5C%22%3A5350495411628472%2C%5C%22target_type%5C%22%3A0%2C%5C%22primary_position%5C%22%3A8%2C%5C%22ranking_signature%5C%22%3A2635327044459692032%2C%5C%22commerce_channel%5C%22%3A504%2C%5C%22value%5C%22%3A0.0011704552632322%7D%22%7D,title,2 à¸«à¹‰à¸­à¸‡à¸™à¸­à¸™ 2 à¸«à¹‰à¸­à¸‡à¸™à¹‰à¸³ - à¸šà¹‰à¸²à¸™,price,28 000 à¸¿/Ğ¼ĞµÑÑÑ†,description,"House Available For Rent â¤ï¸
2 bedroom- 2 bathroom.
Location: Plai leam.
Share pool.
Electricity... Ğ•Ñ‰Ñ‘",geolocation,9.543373003482,100.04448050059
time,2022-04-07_14-28-08_775424,id,302136151961643,href,https://www.facebook.com/marketplace/item/302136151961643/?ref=category_feed&referral_code=undefined&referral_story_type=listing&tracking=%7B%22qid%22%3A%22-6562683705923775989%22%2C%22mf_story_key%22%3A%225000826799980657%22%2C%22commerce_rank_obj%22%3A%22%7B%5C%22target_id%5C%22%3A5000826799980657%2C%5C%22target_type%5C%22%3A0%2C%5C%22primary_position%5C%22%3A14%2C%5C%22ranking_signature%5C%22%3A2635327044459692032%2C%5C%22commerce_channel%5C%22%3A504%2C%5C%22value%5C%22%3A0.00065576889704477%7D%22%7D,title,1 à¸«à¹‰à¸­à¸‡à¸™à¸­à¸™ 1 à¸«à¹‰à¸­à¸‡à¸™à¹‰à¸³ - à¸šà¹‰à¸²à¸™,price,3 000 à¸¿/Ğ¼ĞµÑÑÑ†,description,"1 à¸«à¹‰à¸­à¸‡à¸™à¸­à¸™ 1 à¸«à¹‰à¸­à¸‡à¸™à¹‰à¸³ - à¸šà¹‰à¸²à¸™

Amphoe Koh Sa-mui, Surat Thani ",geolocation,9.5672430280967,99.994693136782
time,2022-04-07_14-28-14_356012,id,538079008103235,href,https://www.facebook.com/marketplace/item/538079008103235/?ref=category_feed&referral_code=undefined&referral_story_type=listing&tracking=%7B%22qid%22%3A%22-6562683705923775989%22%2C%22mf_story_key%22%3A%225287341821317011%22%2C%22commerce_rank_obj%22%3A%22%7B%5C%22target_id%5C%22%3A5287341821317011%2C%5C%22target_type%5C%22%3A0%2C%5C%22primary_position%5C%22%3A18%2C%5C%22ranking_signature%5C%22%3A2635327044459692032%2C%5C%22commerce_channel%5C%22%3A504%2C%5C%22value%5C%22%3A0.00058713120204228%7D%22%7D,title,1 à¸«à¹‰à¸­à¸‡à¸™à¸­à¸™ Â· 1 à¸«à¹‰à¸­à¸‡à¸™à¹‰à¸³ Â· à¸—à¸²à¸§à¸™à¹Œà¹€à¸®à¸²à¸ªà¹Œ,price,3 000 à¸¿/Ğ¼ĞµÑÑÑ†,description,"1 à¸«à¹‰à¸­à¸‡à¸™à¸­à¸™ 1 à¸«à¹‰à¸­à¸‡à¸™à¹‰à¸³ - à¹à¸¢à¸à¸šà¹ˆà¸­à¸™à¹„à¸à¹ˆ
à¸¡à¸±à¸”à¸ˆà¸³1000à¹‚à¸—à¸£.061_3483407

à¸­.à¹€à¸à¸²à¸°à¸ªà¸¡à¸¸à¸¢, Amphoe Koh Sa-mui, Surat Than... Ğ•Ñ‰Ñ‘",geolocation,9.5332380240645,100.06015960321
time,2022-04-07_14-28-19_954190,id,315430560576021,href,https://www.facebook.com/marketplace/item/315430560576021/?ref=category_feed&referral_code=undefined&referral_story_type=listing&tracking=%7B%22qid%22%3A%22-6562683705923775989%22%2C%22mf_story_key%22%3A%224771209282969089%22%2C%22commerce_rank_obj%22%3A%22%7B%5C%22target_id%5C%22%3A4771209282969089%2C%5C%22target_type%5C%22%3A0%2C%5C%22primary_position%5C%22%3A19%2C%5C%22ranking_signature%5C%22%3A2635327044459692032%2C%5C%22commerce_channel%5C%22%3A504%2C%5C%22value%5C%22%3A0.0005766819331374%7D%22%7D,title,Maison de ville de 2 chambres et 2 salles de bain,price,20 000 à¸¿/Ğ¼ĞµÑÑÑ†,description,"Chaweng ** Available Now**
TownHouse 100 m2
2 bedrooms, 2,5 bathrooms 
ğŸ“Nearby Tesco Lotus Chaweng ... Ğ•Ñ‰Ñ‘",geolocation,9.535382060964,100.04265034274
time,2022-04-07_14-28-26_904377,id,4340261316075926,href,https://www.facebook.com/marketplace/item/4340261316075926/?ref=category_feed&referral_code=undefined&referral_story_type=listing&tracking=%7B%22qid%22%3A%22-6562683705923775989%22%2C%22mf_story_key%22%3A%225166214780112988%22%2C%22commerce_rank_obj%22%3A%22%7B%5C%22target_id%5C%22%3A5166214780112988%2C%5C%22target_type%5C%22%3A0%2C%5C%22primary_position%5C%22%3A20%2C%5C%22ranking_signature%5C%22%3A2635327044459692032%2C%5C%22commerce_channel%5C%22%3A504%2C%5C%22value%5C%22%3A0.00056367686505572%7D%22%7D,title,Maison de 4 chambres et 5 salles de bain,price,70 000 à¸¿/Ğ¼ĞµÑÑÑ†,description,"ğŸ–House 4 bedroom for rent sea view ğŸ–

             
           ğŸ§75.000thb month ğŸ§
              ... Ğ•Ñ‰Ñ‘",geolocation,9.5325874150662,100.066916455
time,2022-04-07_14-28-37_776051,id,459627235847309,href,https://www.facebook.com/marketplace/item/459627235847309/?ref=category_feed&referral_code=undefined&referral_story_type=listing&tracking=%7B%22qid%22%3A%22-6562683705923775989%22%2C%22mf_story_key%22%3A%227132278436814551%22%2C%22commerce_rank_obj%22%3A%22%7B%5C%22target_id%5C%22%3A7132278436814551%2C%5C%22target_type%5C%22%3A0%2C%5C%22primary_position%5C%22%3A21%2C%5C%22ranking_signature%5C%22%3A2635327044459692032%2C%5C%22commerce_channel%5C%22%3A504%2C%5C%22value%5C%22%3A0.00055213642329097%7D%22%7D,title,6 Beds 7 Baths - House,price,80 000 à¸¿/Ğ¼ĞµÑÑÑ†,description,"6Bedrooms Seaview pool villa

Choeng Mon, Samui ThailandğŸŒ´

â­ï¸Includes:
- Internet access
- Cleaning... Ğ•Ñ‰Ñ‘",geolocation,9.5887959413527,100.07130861282
time,2022-04-07_14-28-51_561383,id,1077121939811146,href,https://www.facebook.com/marketplace/item/1077121939811146/?ref=category_feed&referral_code=undefined&referral_story_type=listing&tracking=%7B%22qid%22%3A%22-6562683705923775989%22%2C%22mf_story_key%22%3A%225359827927380794%22%2C%22commerce_rank_obj%22%3A%22%7B%5C%22target_id%5C%22%3A5359827927380794%2C%5C%22target_type%5C%22%3A0%2C%5C%22primary_position%5C%22%3A23%2C%5C%22ranking_signature%5C%22%3A2635327044459692032%2C%5C%22commerce_channel%5C%22%3A504%2C%5C%22value%5C%22%3A0.00054940231488473%7D%22%7D,title,5 à¸«à¹‰à¸­à¸‡à¸™à¸­à¸™ 5 à¸«à¹‰à¸­à¸‡à¸™à¹‰à¸³ - à¸šà¹‰à¸²à¸™,price,98 000 à¸¿/Ğ¼ĞµÑÑÑ†,description,"5 à¸«à¹‰à¸­à¸‡à¸™à¸­à¸™ 5 à¸«à¹‰à¸­à¸‡à¸™à¹‰à¸³ - à¸šà¹‰à¸²à¸™

Chaweng, Amphoe Koh Sa-mui, Surat Thani 84320 ",geolocation,9.5220062758656,100.0570472351
time,2022-04-07_14-38-13_019441,id,490777232617809,href,https://www.facebook.com/marketplace/item/490777232617809/?ref=category_feed&referral_code=undefined&referral_story_type=listing&tracking=%7B%22qid%22%3A%22-6562640825715822361%22%2C%22mf_story_key%22%3A%225617868674894987%22%2C%22commerce_rank_obj%22%3A%22%7B%5C%22target_id%5C%22%3A5617868674894987%2C%5C%22target_type%5C%22%3A0%2C%5C%22primary_position%5C%22%3A2%2C%5C%22ranking_signature%5C%22%3A4340826452820754432%2C%5C%22commerce_channel%5C%22%3A504%2C%5C%22value%5C%22%3A0.00021292050409941%7D%22%7D,title,-,price,-,description,"Electric 5 baht per unit
Water 45 baht per",geolocation,9.5608520507812,100.05798339844
time,2022-04-07_14-42-45_787368,id,819828415392372,href,https://www.facebook.com/marketplace/item/819828415392372/?ref=category_feed&referral_code=undefined&referral_story_type=listing&tracking=%7B%22qid%22%3A%22-6562621652340486777%22%2C%22mf_story_key%22%3A%224556088794435331%22%2C%22commerce_rank_obj%22%3A%22%7B%5C%22target_id%5C%22%3A4556088794435331%2C%5C%22target_type%5C%22%3A0%2C%5C%22primary_position%5C%22%3A4%2C%5C%22ranking_signature%5C%22%3A8433277377865318400%2C%5C%22commerce_channel%5C%22%3A504%2C%5C%22value%5C%22%3A0.00081301289200081%7D%22%7D,title,2 à¸«à¹‰à¸­à¸‡à¸™à¸­à¸™ 2.5 à¸«à¹‰à¸­à¸‡à¸™à¹‰à¸³ - à¸šà¹‰à¸²à¸™,price,60 000 à¸¿/Ğ¼ĞµÑÑÑ†,description,"2 Bedrooms Beachfront Pool Villa

Bophut, Samui Thailand

 60,000 baht per month
â­ï¸Includes:
- Inter... Ğ•Ñ‰Ñ‘",geolocation,9.5699020825207,100.01102616355
time,2022-04-07_15-09-18_934105,id,950108872220992,href,https://www.facebook.com/marketplace/item/950108872220992/?ref=category_feed&referral_code=undefined&referral_story_type=listing&tracking=%7B%22qid%22%3A%22-6562512045388688502%22%2C%22mf_story_key%22%3A%225247190918672142%22%2C%22commerce_rank_obj%22%3A%22%7B%5C%22target_id%5C%22%3A5247190918672142%2C%5C%22target_type%5C%22%3A0%2C%5C%22primary_position%5C%22%3A7%2C%5C%22ranking_signature%5C%22%3A4630848173932281856%2C%5C%22commerce_channel%5C%22%3A504%2C%5C%22value%5C%22%3A0.00084989899077106%7D%22%7D,title,2 Beds 2 Baths - House,price,35 000 à¸¿/Ğ¼ĞµÑÑÑ†,description,"35,000 baht per month
â­ï¸Included:
- Internet access
- Maid cleaning once a week
- Pool cleaning twic... Ğ•Ñ‰Ñ‘",geolocation,9.5483185068858,100.02668931137
time,2022-04-07_15-09-39_697940,id,2822756648021971,href,https://www.facebook.com/marketplace/item/2822756648021971/?ref=category_feed&referral_code=undefined&referral_story_type=listing&tracking=%7B%22qid%22%3A%22-6562512045388688502%22%2C%22mf_story_key%22%3A%225018003184924181%22%2C%22commerce_rank_obj%22%3A%22%7B%5C%22target_id%5C%22%3A5018003184924181%2C%5C%22target_type%5C%22%3A0%2C%5C%22primary_position%5C%22%3A20%2C%5C%22ranking_signature%5C%22%3A4630848173932281856%2C%5C%22commerce_channel%5C%22%3A504%2C%5C%22value%5C%22%3A0.00054170586073675%7D%22%7D,title,4 beds 4 bathrooms â€“ House,price,85 000 à¸¿/Ğ¼ĞµÑÑÑ†,description,"Enjoy a Private Beachfront Villa in Lamai Beach
4 ğŸ›
4 ğŸ›
ğŸŒŠ beachfront
Small pets welcome ğŸˆğŸ© ",geolocation,9.4718186226667,100.05931286056
time,2022-04-07_15-11-15_738886,id,1582290635439075,href,https://www.facebook.com/marketplace/item/1582290635439075/?ref=category_feed&referral_code=undefined&referral_story_type=listing&tracking=%7B%22qid%22%3A%22-6562503934971798905%22%2C%22mf_story_key%22%3A%224915353645225953%22%2C%22commerce_rank_obj%22%3A%22%7B%5C%22target_id%5C%22%3A4915353645225953%2C%5C%22target_type%5C%22%3A0%2C%5C%22primary_position%5C%22%3A6%2C%5C%22ranking_signature%5C%22%3A4264782115519856640%2C%5C%22commerce_channel%5C%22%3A504%2C%5C%22value%5C%22%3A0.00024805817683926%7D%22%7D,title,-,price,-,description,"Fully Furnished 1 Bedroom 1 Bathroom Ensuite with Kitchenette ready for Rent at 10,000/M. Yearly Contract welcome. For more details or visit site contact owner directly: Jasmeet [hidden information]
Available on Skype, Watsapp & Line ID same phone no.
Location: Bophut, Koh Samui 
Room sz: 50sqm
Elevator
Balcony with pool & Mountain view
ğŸ“1Bedroom King Bed with Linens
ğŸ“1Bathroom with Shower/Tub
ğŸ“Hot water
ğŸ“Air Conditioned
ğŸ”·ï¸50"" Smart  TV
ğŸ”·ï¸Living area with sofa & partition 
ğŸ”·ï¸Dinning Table
ğŸ”·ï¸Wifi Internet
â™¦ï¸Kitchen Built-in fully Equipped 
â™¦ï¸Fridge
â™¦ï¸Microwave
â™¦ï¸Hot Kettle 
â™¦ï¸Toaster
â™¦ï¸Hob & Hood
â™¦ï¸Utensils 
ğŸ’ 2 Big Swimming Pool
ğŸ’ Deck Chairs
ğŸ’ Sauna
ğŸ’ Steam
ğŸ’ Outdoor Showers
ğŸ’§Coin Washing MachineğŸ’§
ğŸš©Fitness room
ğŸš©Game room
ğŸš©Pool table 
Parking Area
24h Security
Fire alarm
CCTV
Other request can be met on request. For more information call directly (NO Agent commissions) Ms.Jasmeet +66 O8I 43O 5525 also same for watsapp & Line

Whispering Palms Resort Condominium, Bophut is situated 
1.5km from Chawweng Beach and the lake, 800m from Tesco-Lotus, Homepro, Macro.
1km from BigC supermarket.",geolocation,9.5443725585938,100.04699707031
time,2022-04-07_15-11-52_899368,id,644450486852930,href,https://www.facebook.com/marketplace/item/644450486852930/?ref=category_feed&referral_code=undefined&referral_story_type=listing&tracking=%7B%22qid%22%3A%22-6562501393877139548%22%2C%22mf_story_key%22%3A%225276433189035056%22%2C%22commerce_rank_obj%22%3A%22%7B%5C%22target_id%5C%22%3A5276433189035056%2C%5C%22target_type%5C%22%3A0%2C%5C%22primary_position%5C%22%3A22%2C%5C%22ranking_signature%5C%22%3A4630848173932281856%2C%5C%22commerce_channel%5C%22%3A504%2C%5C%22value%5C%22%3A0.00051904995518273%7D%22%7D,title,3 beds 3 baths House,price,45 000 à¸¿/Ğ¼ĞµÑÑÑ†,description,"FOR RENT in Chaweng Noi
3-bedroom with private pool and seaview 
.
â€¢ Fully furnished
â€¢ 3 Bedrooms with all air conditioning
â€¢ 3 Bathrooms
â€¢ Terrace and 6 outdoor seats
â€¢ Swimming pool and 2 sunbeds
â€¢ Open plan living and dining area
â€¢ Western style kitchen included kitchenware
â€¢ TV with TV cable
â€¢ Wifi internet
â€¢ Double sets of bedsheet and pillow cases
.
45000 THB per month minimum 6 months rental contract
50000 THB per month 1-5 months rental contract
Deposit: 1 Month Rent
.
Not Included:
â€¢ Electric 6.5 THB per unit
â€¢ Water 100 per unit
â€¢ 5000 THB pool and garden maintenance per month
.
Contact Us! 
Immo Project Samui
ğŸ“ 199 Moo 1, Maenam, Koh Samui, Suratthani, 84320, Thailand
ğŸ“² Whatsapp    [hidden information]
                          [hidden information]
ğŸ“§  [hidden information]
ğŸŒ  www.immoprojectsamui.com Ğ¡Ğ²ĞµÑ€Ğ½ÑƒÑ‚ÑŒ",geolocation,9.55897,100.03142
